,index,Scene Name,Region #,# Unique Categories,# Objects,Object Instances in Region,Category,Unknown Names,Predicted Names
0,3,00006-HkseAnWCgqk,3,10,15,ceiling lamp_157:ceiling_156:decoration_169:floor_155:shelf_162:stool_163:stool_164:table_168:wall_158:wall_159:wall_160:wall_161:wall_165:window frame_166:window_167,,Unknown room,Living room
7,21,00009-vLpv2VX547B,10,18,60,book_430:book_431:book_432:book_436:book_437:book_438:book_439:book_440:book_441:book_443:book_444:book_445:book_446:book_449:book_451:book_452:book_454:book_455:book_457:bookshelf_429:bookshelf_433:bookshelf_434:bookshelf_435:bookshelf_447:bookshelf_448:bookshelf_450:bookshelf_453:bookshelf_456:box_414:box_415:box_416:box_417:box_418:cabinet_427:case_419:case_420:ceiling_400:chair_406:clutter_423:floor_402:keyboard piano_428:lamp_401:lamp_412:newspaper_424:ornament_425:ornament_442:paper_413:picture_404:picture_405:speaker_426:wall_403:wall_407:wall_408:wall_409:wall_410:wall_411:wall_421:wall_422:wall_459:window_458,,Unknown room,Rec room
10,32,00009-vLpv2VX547B,21,22,64,box_980:cabinet_970:cabinet_975:ceiling_925:ceiling_926:ceiling_928:ceiling_929:ceiling_930:ceiling_931:ceiling_932:ceiling_933:ceiling_934:ceiling_935:ceiling_936:ceiling_937:chair_979:chest_943:clothes_984:clutter_982:decoration_949:door_948:floor_985:lamp_927:lamp_941:picture_939:picture_940:pillow_977:pillow_978:pouffe_955:pouffe_956:railing_987:storage cabinet_983:stuffed animal_942:toy_958:toy_959:toy_960:toy_961:toy_962:toy_963:toy_964:toy_965:toy_966:toy_967:toy_968:toy_969:toy_971:toy_972:toy_973:toy_981:tv_957:unknown_974:wall_938:wall_944:wall_945:wall_946:wall_947:wall_950:wall_951:wall_952:wall_953:wall_976:wall_986:wall_988:window_954,,Unknown room,Living room
14,61,00020-XYyR54sxe6b,5,21,56,beam_141:cabinet_135:cabinet_150:ceiling lamp_372:ceiling_134:ceiling_146:ceiling_147:chair_136:chair_152:chair_153:chair_154:chair_155:chair_156:chair_157:curtain rail_110:curtain rail_148:curtain_109:door frame_140:door_139:floor_105:flower vase_158:furnace_142:painting_133:radiator_116:radiator_138:shelf_131:shelf_132:step_143:table_119:table_137:table_159:unknown_144:unknown_145:unknown_149:unknown_151:wall_106:wall_107:wall_108:wall_111:wall_112:wall_113:wall_114:wall_115:wall_117:wall_118:wall_126:wall_127:wall_128:wall_129:wall_130:window frame_120:window frame_122:window frame_124:window_121:window_123:window_125,,Unknown room,Dining room
20,81,00022-gmuS7Wgsbrx,13,10,18,bag_439:cabinet_435:cabinet_436:cabinet_437:ceiling_426:door frame_440:door frame_441:door frame_442:door_432:floor_425:fluorescent light_427:laundry machine_433:laundry machine_434:sink_438:wall_428:wall_429:wall_430:wall_431,,Unknown room,Kitchen
30,129,00031-Wo6kuutE9i7,8,15,36,armchair_271:armchair_272:armchair_274:balustrade_264:bench_251:canopy_265:ceiling_266:chair_257:chair_258:chair_259:chair_260:chair_261:chair_262:door frame_279:fence_246:fence_247:fence_248:fence_249:fence_269:fence_270:floor /outside_244:flower vase_253:flower vase_254:flower vase_255:lamp_278:table_263:table_275:unknown_245:unknown_256:unknown_276:unknown_277:vase_252:vase_273:wall_250:wall_267:wall_268,,Unknown room,Living room
34,149,00035-3XYAD64HpDr,2,13,29,bottles_109:ceiling_102:chair_104:chair_105:chair_106:chair_107:door frame_384:door_385:floor_111:lamp_364:lamp_365:painting_103:table_108:unknown_110:unknown_114:wall_100:wall_101:wall_534:wall_535:wall_536:wall_537:wall_538:wall_539:wall_99:window frame_112:window frame_113:window_361:window_362:window_363,,Unknown room,Dining room
35,150,00035-3XYAD64HpDr,3,10,20,chair_124:chair_126:fence_117:floor_122:floor_389:flowerpot_128:flowerpot_129:flowerpot_130:pavement_387:plant_123:rock_388:table_125:unknown_116:unknown_121:unknown_386:wall_115:wall_118:wall_119:wall_120:wall_127,,Unknown room,Living room
42,196,00057-1UnKg1rAb8A,5,15,32,armchair_277:armchair_278:armchair_283:armchair_284:bag_269:ceiling_262:clock_266:door frame_285:door_281:floor_263:lamp_270:lamp_271:ornament_264:ornament_265:ornament_267:ornament_268:ornament_273:ornament_274:ornament_275:ornament_276:ornament_286:pillow_287:pillow_288:pillow_289:pillow_290:plant_280:table_279:vase_282:ventilation_272:wall_261:wall_518:wall_519,,Unknown room,Living room
45,212,00062-ACZZiU6BXLz,3,9,17,ceiling lamp_116:ceiling_117:closet shelf_121:closet shelf_123:closet shelf_124:closet shelf_129:door_119:floor_118:ironing board_122:rug_120:unknown_131:wall_125:wall_126:wall_127:wall_128:wall_130:wall_132,,Unknown room,Hall/stairwell
48,225,00064-gQgtJ9Stk5s,1,33,82,baby chair_301:basket of something_279:beam_225:blanket_291:bowl of fruit_256:box of tissues_286:cabinet_278:cabinet_284:cardboard box_294:ceiling_222:chair_257:chair_258:chair_259:chair_260:chair_261:chair_262:chair_263:chair_264:chair_265:chest of drawers_289:clutter_290:clutter_292:clutter_298:clutter_302:curtain rod_276:curtain rod_277:curtain_282:curtain_283:door frame_271:door frame_293:door_270:floor lamp_273:floor_223:iron_295:ironing board_269:paneling_226:picture_230:picture_231:picture_232:picture_233:picture_234:picture_236:picture_237:picture_238:picture_239:picture_240:picture_241:picture_242:picture_243:picture_245:picture_246:picture_247:picture_248:picture_249:picture_250:picture_251:picture_252:picture_253:picture_254:picture_285:radiator_272:shelving_296:table cloth_297:table cloth_300:table_255:towel_280:towel_281:unknown_287:unknown_288:unknown_299:unknown_303:wall clock_229:wall_224:wall_227:wall_228:wall_235:wall_244:wall_266:window curtain_274:window curtain_275:window frame_268:window_267,,Unknown room,Kitchen
58,271,00087-YY8rqV6L6rf,8,11,22,ceiling_352:chair_358:chair_359:chair_360:curtain_367:floor_350:floor_574:lamp_353:lamp_354:storage box_362:storage box_363:table_361:toy_349:unknown_355:unknown_365:wall_348:wall_351:wall_356:wall_357:wall_366:window_364:window_368,,Unknown room,Living room
61,302,00105-xWvSkKiWQpC,4,25,56,air vent_449:air vent_450:banner_489:board_451:board_452:board_463:box_475:box_476:box_477:box_479:box_493:box_494:box_496:brochure_499:cabinet_467:cabinet_487:cabinet_490:canvas_486:ceiling lamp_465:ceiling_464:clutter_481:curtain_492:decoration_488:decorative plant_468:door frame_531:door_456:floor_457:magazine_498:magazine_500:magazine_502:picture_455:pot_471:pot_472:pot_474:printer_473:projector_466:table lamp_460:table_461:unknown_459:unknown_478:unknown_480:unknown_482:unknown_483:unknown_484:unknown_485:unknown_491:unknown_495:unknown_497:unknown_501:wall_448:wall_453:wall_454:wall_458:wall_462:wall_469:wall_470,,Unknown room,Office
62,303,00105-xWvSkKiWQpC,5,17,37,air vent_506:air vent_507:board_503:board_504:board_505:board_509:board_511:brochure_513:brochure_514:ceiling lamp_529:ceiling lamp_693:ceiling_274:chair_516:chair_518:chair_519:chair_520:chair_521:chair_522:chair_523:chair_524:chair_526:decoration_527:door_508:fire sprinkler_530:floor_190:papers_528:picture_187:picture_189:table lamp_512:table_515:table_525:unknown_510:wall_278:wall_299:wall_304:wall_352:window_517,,Unknown room,Living room
64,313,00108-oStKKWkQ1id,3,13,36,boxes_130:ceiling lamp_106:ceiling molding_108:ceiling_107:closet area for hanging clothes_129:closet area for hanging clothes_138:closet shelving_131:clothes_113:clothes_119:clothes_120:clothes_121:clothes_122:clothes_125:clothes_126:clothes_127:clothes_128:clothes_132:clothes_136:clothes_137:clothes_444:curtain rod_110:curtain_109:floor_105:hanging clothes_123:hanging clothes_124:hanging clothes_133:hanging clothes_134:unknown_117:unknown_118:unknown_135:unknown_445:wall_111:wall_112:wall_114:wall_115:wall_116,,Unknown room,Bedroom
75,382,00143-5Kw4nGdqYtS,13,12,31,bag_543:case_529:case_530:ceiling_525:clothes_531:clothes_532:clothes_533:clothes_534:clothes_536:clothes_538:clothes_540:clothes_541:clothes_542:clothes_551:clothes_552:clothes_553:clothes_554:clothes_555:clutter_548:clutter_549:clutter_550:floor_528:hanger_535:hanger_539:lamp_526:shelf_545:shelf_546:shoe_544:unknown_537:wall_527:wall_547,,Unknown room,Bedroom
77,389,00149-UuwwmrTsfBN,2,16,40,air vent_84:air vent_93:cases_119:ceiling lamp_100:ceiling lamp_101:ceiling lamp_102:ceiling lamp_103:ceiling lamp_104:ceiling lamp_94:ceiling lamp_97:ceiling lamp_98:ceiling lamp_99:ceiling lower_92:ceiling_87:decorative plant_117:door frame_107:door frame_108:door frame_112:door frame_113:door frame_85:door knob_110:door_109:floor_86:picture_81:picture_83:smoke detector_95:smoke detector_96:table lamp_118:table_116:wall lamp_115:wall lamp_82:wall_105:wall_106:wall_111:wall_114:wall_80:wall_88:wall_89:wall_90:wall_91,,Unknown room,Living room
78,396,00149-UuwwmrTsfBN,11,9,26,carpet_627:ceiling lamp_628:ceiling lamp_629:ceiling lamp_630:chair_616:chair_625:decoration_608:decoration_612:decoration_621:pillow_1216:pillow_1217:pillow_617:pillow_626:table_611:table_620:wall_607:wall_613:wall_618:wall_622:window frame_609:window frame_614:window frame_619:window frame_623:window_610:window_615:window_624,,Unknown room,Living room
81,409,00150-LcAd9dhvVwh,3,14,64,ceiling lamp_88:ceiling_77:chair_134:chair_135:chair_136:chair_137:chair_138:chair_139:fireplace_90:fireplace_91:floor_78:flower_131:flower_132:food tray_130:painting_84:painting_85:painting_86:table_127:table_140:unknown_128:unknown_129:unknown_133:ventilation hood_79:ventilation hood_80:ventilation hood_81:wall_82:wall_83:wall_87:wall_89:window frame_100:window frame_101:window frame_102:window frame_103:window frame_104:window frame_105:window frame_106:window frame_107:window frame_108:window frame_109:window frame_110:window frame_111:window frame_112:window frame_113:window frame_114:window frame_115:window frame_116:window frame_117:window frame_118:window frame_119:window frame_120:window frame_121:window frame_122:window frame_123:window frame_124:window frame_125:window frame_126:window_92:window_93:window_94:window_95:window_96:window_97:window_98:window_99,,Unknown room,Living room
82,411,00150-LcAd9dhvVwh,5,17,61,alarm_191:alarm_192:ceiling lamp_184:ceiling lamp_185:ceiling lamp_186:ceiling lamp_187:ceiling lamp_188:ceiling lamp_189:ceiling lamp_190:ceiling_171:ceiling_172:ceiling_173:decoration_196:door frame_218:door frame_219:door frame_220:door frame_221:door frame_222:door frame_223:door frame_224:door frame_225:door frame_226:door frame_228:door frame_229:door frame_230:door_176:door_179:door_181:door_217:electric box_182:floor_198:floor_199:floor_200:flower_203:handrail_211:handrail_212:rug_197:table_195:unknown_193:ventilation hood_194:ventilation hood_202:ventilation_183:wall_174:wall_175:wall_177:wall_178:wall_180:wall_201:wall_204:wall_205:wall_206:wall_207:wall_208:wall_209:wall_210:wall_213:wall_214:wall_227:wall_231:window_215:window_216,,Unknown room,Living room
88,436,00155-iLDo95ZbDJq,9,14,33,basket_370:book_366:book_368:book_369:chair_376:chair_377:chair_378:chair_379:chair_380:chair_381:decoration_362:decoration_363:decoration_364:decoration_365:decoration_367:flatware_372:flatware_373:floor_353:flower vase_361:flower vase_375:lamp_382:lamp_383:lamp_384:lamp_385:rack_371:table_374:unknown_360:wall_356:wall_357:wall_358:wall_359:window frame_355:window_354,,Unknown room,Living room
96,475,00172-bB6nKqfsb1z,9,13,38,blanket_266:ceiling duct_258:ceiling lamp_256:ceiling lamp_257:ceiling_255:chair_259:clothes rack_271:clothes rack_272:clothes rack_273:clothes rack_274:clothes rack_279:clothes rack_280:clothes_264:clothes_265:clothes_275:clothes_276:clothes_277:clothes_278:door_262:door_263:floor_243:plush toy_267:plush toy_268:plush toy_269:plush toy_270:stool_260:table_261:wall_244:wall_245:wall_246:wall_247:wall_248:wall_249:wall_250:wall_251:wall_252:wall_253:wall_254,,Unknown room,Bedroom
99,484,00172-bB6nKqfsb1z,18,13,50,bag_588:bag_589:bag_594:bag_596:bag_597:bag_603:bottle_582:bottle_591:bottle_592:box_570:box_571:box_572:box_573:box_574:box_578:box_579:box_580:box_583:box_584:box_585:box_586:box_593:box_598:box_599:box_600:box_601:box_602:box_604:box_605:box_606:box_607:box_608:box_609:can_576:can_577:can_581:can_587:ceiling lamp_567:ceiling_566:door_565:floor_560:jar_575:jar_590:kettle_595:microwave_569:rack_568:wall_561:wall_562:wall_563:wall_564,,Unknown room,Kitchen
109,523,00179-MVVzj944atG,6,12,25,ceiling lamp_168:ceiling_167:decorative plant_170:door frame_157:door frame_158:door frame_159:door frame_160:door window_165:door_161:door_162:door_163:door_164:floor_172:picture_171:radiator_156:support beam_166:table_169:wall_148:wall_149:wall_150:wall_151:wall_152:wall_153:wall_154:wall_155,,Unknown room,Living room
113,535,00188-dQrLTxHvLXU,9,10,34,ceiling_257:chair_284:chair_285:chair_286:chair_287:chair_288:chair_289:decoration_265:decoration_266:decoration_267:decoration_268:decoration_269:decoration_270:decoration_271:decoration_272:decoration_273:decoration_274:decoration_275:decoration_276:decoration_277:decoration_278:floor_258:lamp_261:lamp_262:rack_264:table_290:wall_263:wall_279:wall_280:wall_281:wall_282:wall_283:window frame_260:window_259,,Unknown room,Living room
125,575,00205-NEVASPhcrxR,18,15,23,air conditioner_882:ceiling_881:chair_872:clock_869:decoration_877:door frame_860:floor lamp_870:floor_867:lamp_879:lounger_874:lounger_875:mat_862:shelf_871:step_861:step_863:step_864:step_865:step_866:table_878:wall_868:wall_873:wall_876:wall_880,,Unknown room,Living room
135,607,00210-j2EJhFEQGCL,8,15,49,armchair_511:armchair_512:ceiling_530:chair_524:chair_525:chair_526:chair_527:chair_528:garden bench_514:garden chair_509:garden chair_510:garden chair_535:garden chair_536:garden deck_537:lawn_500:lawn_538:lawn_539:pillow_501:pillow_502:pillow_503:pillow_504:pillow_505:pillow_506:pillow_507:pillow_508:pillow_531:pillow_532:pillow_533:pillow_534:plant_497:plant_516:plant_517:sky_515:sky_519:table_513:table_529:tap_543:tree_498:unknown_521:wall_495:wall_496:wall_499:wall_518:wall_520:wall_522:wall_523:wall_540:wall_541:wall_542,,Unknown room,Living room
153,673,00241-h6nwVLpAKQz,4,10,13,bar_122:bar_123:chair_116:floor_121:jacuzzi_118:lamp_114:roof_113:sliding glass door_120:table_117:wall_111:wall_115:wall_119:window_112,,Unknown room,Living room
154,676,00241-h6nwVLpAKQz,7,14,38,balustrade_203:balustrade_212:bar_199:beam_204:beam_205:beam_206:beam_207:beam_208:beam_209:beam_210:beam_211:beam_228:beam_229:beam_230:beam_231:blinds_226:ceiling_198:ceiling_222:chair_200:chair_202:chair_214:chair_215:door frame_196:door_225:floor_224:lamp_223:table_201:table_216:wall_194:wall_197:wall_213:wall_217:wall_227:window frame_218:window frame_220:window_195:window_219:window_221,,Unknown room,Living room
157,686,00245-741Fdj7NLF9,3,9,22,blanket_165:blanket_167:ceiling_180:door_178:door_179:floor_181:ironing board_177:rack_164:shelf_169:shelf_170:shelf_171:shelf_172:shelf_173:shelf_174:shelf_175:unknown_166:unknown_168:unknown_176:wall_160:wall_161:wall_162:wall_163,,Unknown room,Hall/stairwell
158,688,00245-741Fdj7NLF9,5,9,15,ceiling_228:chair_223:chair_224:door frame_231:floor_229:lamp_232:plant_227:rug_230:table_225:wall_218:wall_219:wall_220:wall_221:wall_222:wall_226,,Unknown room,Living room
163,707,00250-U3oQjwTuMX8,18,7,13,ceiling_566:chair_574:floor_572:flowerpot_575:flowerpot_578:table_573:wall lamp_569:wall_567:wall_568:wall_570:wall_571:wall_576:wall_577,,Unknown room,Living room
176,783,00258-2Pc8W48bu21,13,16,33,air freshener_527:carpet_515:ceiling_501:ceiling_502:chair_505:chair_506:chair_509:chair_510:chair_511:chair_512:chair_513:chair_514:door frame_522:floor_526:lamp_528:lamp_530:lamp_531:lamp_532:lamp_533:painting_504:photo_516:photo_517:plant_507:shade_518:shade_519:table_508:ventilation_529:wall_503:wall_523:wall_524:wall_525:window frame_520:window_521,,Unknown room,Dining room
177,784,00258-2Pc8W48bu21,14,13,30,bag_559:box_541:box_542:box_543:box_544:box_545:cabinet_557:cabinet_563:ceiling_534:ceiling_535:door frame_554:door frame_555:door_539:floor_550:floor_556:lamp_536:lamp_537:shelving_548:shelving_549:stand_561:stand_562:tray_560:ventilation_538:wall_540:wall_546:wall_547:wall_551:wall_552:wall_553:wall_558,,Unknown room,Kitchen
178,786,00258-2Pc8W48bu21,16,15,29,bench_634:cabinet_631:carpet_640:ceiling_628:chair_635:chair_636:chair_637:chair_638:floor_641:lamp_653:lamp_654:lamp_655:lamp_656:painting_630:plant_629:shade_643:shade_644:shade_648:shade_649:table_639:vase_632:vase_633:wall_642:wall_647:wall_652:window frame_646:window frame_650:window_645:window_651,,Unknown room,Dining room
181,808,00262-1xGrZPxG1Hz,4,20,51,blinds_157:blinds_166:blinds_167:ceiling light_133:ceiling light_134:ceiling light_135:ceiling light_136:ceiling_132:chair_178:chair_179:clothes hanger_141:clothes_145:clothes_146:clothes_147:clothes_148:clothes_149:curtain rod_158:curtain rod_164:curtain rod_165:door frame_139:door frame_159:door_160:fire extinguisher_161:floor_137:hat_150:hat_151:table_177:umbrella_162:unknown_142:unknown_143:unknown_144:vase_180:vase_181:vase_182:wall electronics_176:wall_138:wall_140:wall_152:wall_163:window frame_153:window frame_154:window frame_168:window frame_169:window frame_172:window frame_173:window_155:window_156:window_170:window_171:window_174:window_175,,Unknown room,Bedroom
182,814,00263-GGBvSFddQgs,0,14,24,board_15:ceiling_8:counter door_16:door_13:floor_9:folding chair_23:folding chair_24:pipe_20:recycle bin_21:table_22:vent_18:ventilation_17:wall lamp_19:wall_1:wall_10:wall_11:wall_12:wall_2:wall_3:wall_4:wall_5:wall_6:wall_7:window_14,,Unknown room,Living room
189,846,00269-JNiWU5TZLtt,2,19,57,armchair_67:armchair_68:armchair_69:armchair_70:book_640:book_641:book_642:box_644:box_86:ceiling pipe_89:ceiling pipe_90:ceiling_91:door frame_76:door frame_78:door_75:door_77:floor_53:lamp_54:lamp_55:lamp_56:lamp_57:lamp_58:lamp_71:lamp_74:magazine_627:magazine_628:magazine_629:magazine_630:magazine_631:magazine_632:magazine_633:magazine_634:magazine_635:magazine_636:magazine_637:magazine_638:magazine_639:ornament_79:picture_643:pipe_85:pipe_87:pipe_88:rack_80:table_72:table_73:trashcan_62:trashcan_63:trashcan_64:vent_59:vent_84:wall sign_61:wall_60:wall_65:wall_66:wall_81:wall_82:wall_83,,Unknown room,Rec room
190,847,00269-JNiWU5TZLtt,3,20,47,air conditioning_103:bin_92:blinds_98:board_93:ceiling_134:chair_116:chair_118:chair_119:chair_120:chair_121:chair_122:chair_123:chair_124:chair_125:clock_94:door frame_96:door_95:floor_737:heater_127:lamp_105:lamp_106:lamp_107:lamp_109:lamp_110:lamp_111:lamp_112:lamp_113:lamp_114:lamp_115:pipe_108:pipe_645:pipe_646:pipe_647:plant_99:stand_97:table_117:table_126:vent_104:wall_128:wall_129:wall_131:wall_132:wall_133:window frame_101:window frame_102:window frame_130:window_100,,Unknown room,Living room
191,848,00269-JNiWU5TZLtt,4,22,48,air conditioning_159:bin_136:blinds_158:board_137:camera_648:ceiling_179:chair_146:chair_147:chair_148:chair_149:chair_150:chair_151:chair_152:chair_153:chair_154:clock_138:door frame_140:door_139:floor_135:heater_164:lamp_141:lamp_142:lamp_143:lamp_169:lamp_170:lamp_171:lamp_172:lamp_173:lamp_174:lamp_175:lamp_650:pipe_161:pipe_167:pipe_168:plant_157:pot_649:stand_144:table_155:table_156:vent_160:wall_162:wall_163:wall_176:wall_177:wall_178:window frame_145:window frame_166:window_165,,Unknown room,Living room
192,849,00269-JNiWU5TZLtt,5,21,45,air conditioner_190:bin_196:blinds_210:board_193:ceiling_222:chair_197:chair_199:chair_200:chair_201:chair_202:chair_203:chair_204:chair_205:chair_206:clock_192:door frame_208:door_194:floor_180:heater_184:lamp_185:lamp_186:lamp_187:lamp_188:lamp_218:lamp_219:lamp_220:lamp_221:pipe_195:pipe_211:pipe_212:plant_736:pot_651:stand_191:table_198:table_207:vent_189:wall_213:wall_214:wall_215:wall_216:wall_217:window frame_182:window frame_183:window frame_209:window_181,,Unknown room,Living room
193,850,00269-JNiWU5TZLtt,6,21,52,air conditioner_250:bin_230:board_224:camera_654:ceiling_271:chair_231:chair_233:chair_234:chair_235:chair_236:chair_237:chair_238:chair_239:chair_240:clock_225:door frame_227:door_226:floor_223:heater_244:lamp_251:lamp_252:lamp_253:lamp_254:lamp_255:lamp_256:lamp_257:lamp_258:lamp_259:pipe_249:pipe_261:plant_242:plant_243:pot_652:pot_653:stand_228:table_232:table_241:vent_260:wall_264:wall_265:wall_266:wall_267:wall_268:wall_269:wall_270:window frame_229:window frame_247:window frame_248:window frame_262:window frame_263:window_245:window_246,,Unknown room,Living room
194,851,00269-JNiWU5TZLtt,7,17,47,beanbag_274:beanbag_275:beanbag_276:beanbag_277:beanbag_278:beanbag_279:beanbag_280:board_300:ceiling_318:coffee machine_295:door frame_299:door_298:floor_272:heater_285:lamp_286:lamp_287:lamp_288:lamp_289:lamp_290:lamp_291:lamp_292:lamp_293:partition_313:partition_314:partition_315:pillow_281:pillow_282:pillow_283:pillow_284:table_273:title_301:trashcan_294:trashcan_296:trashcan_297:wall_302:wall_303:wall_304:wall_305:wall_306:wall_307:wall_312:wall_317:window frame_310:window frame_311:window frame_316:window_308:window_309,,Unknown room,Living room
195,853,00269-JNiWU5TZLtt,9,24,67,air conditioner_410:bin_403:board_400:camera_387:ceiling_435:ceiling_436:chair_394:chair_415:chair_416:chair_417:chair_418:chair_419:chair_420:chair_421:chair_422:clock_401:door frame_386:door frame_413:door_402:floor_372:floor_393:heater_406:lamp_388:lamp_389:lamp_390:lamp_396:lamp_397:lamp_398:lamp_399:lamp_429:lamp_430:lamp_431:lamp_432:monitor_375:monitor_376:monitor_377:pipe_411:pipe_412:pipe_426:plant_405:pot_672:printer_374:stand_373:stand_404:stool_378:stool_379:stool_380:stool_381:table_382:table_395:table_423:vent_424:vent_434:wall_384:wall_385:wall_391:wall_392:wall_425:wall_427:wall_428:wall_433:wall_437:window frame_383:window frame_407:window frame_409:window frame_414:window_408,,Unknown room,Office
202,897,00299-bdp1XNEdvmW,6,18,102,bag_437:bag_439:bag_440:bag_441:bag_449:bag_455:bag_456:bag_467:bag_495:bag_502:bag_506:bag_507:basket_487:basket_488:blanket_438:box_418:box_419:box_420:box_421:box_422:box_423:box_424:box_425:box_426:box_427:box_428:box_429:box_430:box_431:box_432:box_433:box_434:box_443:box_450:box_451:box_452:box_453:box_454:box_457:box_458:box_459:box_460:box_468:box_469:box_470:box_471:box_472:box_473:box_474:box_475:box_477:box_503:box_504:box_505:box_510:box_511:cabinet_486:case_484:case_485:ceiling lamp_416:ceiling_415:clothes_444:clothes_445:clothes_446:clothes_448:clothes_461:clothes_462:clothes_464:clothes_465:clothes_466:clothes_480:clothes_481:clothes_482:clothes_496:clothes_497:clothes_498:clothes_508:floor_410:iron board_499:ladder_500:rack_447:scale_478:shelf_417:shelf_435:shelf_436:shelf_442:shelf_463:shelf_476:shelf_483:shelf_493:shelf_494:shelf_501:shelf_509:towel_489:towel_490:towel_491:towel_492:vacuum cleaner_479:wall_411:wall_412:wall_413:wall_414,,Unknown room,Bedroom
213,986,00327-xgLmjqzoAzF,19,15,23,appliance_880:basket of something_871:bin_879:box_876:cabinet_868:cabinet_869:cabinet_870:ceiling lamp_860:ceiling_859:clothes_872:clothes_873:clothes_878:door frame_864:door_865:floor_866:laundry machine_874:laundry machine_875:mat_867:towel_877:wall_858:wall_861:wall_862:wall_863,,Unknown room,Kitchen
215,990,00330-WhNyDTnd9g5,1,12,24,ceiling lamp_60:ceiling lamp_61:ceiling_59:door frame_45:door frame_52:door frame_56:door_46:door_53:door_57:floor_62:hanging clothes_64:picture_48:picture_54:picture_55:plant_51:rug_63:table_49:unknown_47:unknown_50:wall_41:wall_42:wall_43:wall_44:wall_58,,Unknown room,Living room
219,1022,00378-DqJKU7YU7dA,4,23,51,basket_311:beam_303:chair_321:chair_322:chair_325:chair_326:chair_327:chair_328:chair_329:chair_330:decoration_308:decorative plant_306:decorative plant_307:decorative plant_310:decorative plant_315:decorative plant_320:door frame_881:door_291:doormat_332:fireplace sconce_304:fireplace_305:floor_331:gutter_333:pillow_323:pillow_324:roof_299:roof_300:roof_336:stone_318:stone_334:stone_335:table_316:table_319:torch_292:trashcan_309:trough_314:umbrella_317:wall_290:wall_296:wall_297:wall_298:wall_301:wall_302:wall_312:wall_313:window frame_882:window frame_883:window frame_884:window_293:window_294:window_295,,Unknown room,Living room
221,1033,00382-S7uMvxjBVZq,2,24,56,ball_190:box of tissues_202:box_215:cabinet_192:cabinet_201:cabinet_208:cabinet_227:cabinet_228:carpet_234:ceiling_229:chair_217:chair_218:chair_219:chair_220:chair_221:chair_222:chair_226:cup_213:cup_214:curtain_187:curtain_188:curtain_189:curtain_199:curtain_200:decoration_205:decoration_207:door frame_184:fan_232:floor_233:lamp_225:picture_183:picture_204:picture_206:picture_209:picture_210:pipe_223:pipe_224:pipe_230:pipe_231:plant_193:plant_194:plant_195:plant_196:shoe_191:table_216:teapot_212:tray_211:wall_179:wall_180:wall_181:wall_182:wall_185:wall_197:watering can_203:window_186:window_198,,Unknown room,Office
232,1066,00386-b3WpMbPFB6q,14,14,34,air vent_535:bowl of fruit_520:cabinet_519:ceiling lamp_536:ceiling/west wall_534:ceiling_533:chair_525:chair_526:chair_527:chair_528:chair_529:chair_530:decoration_531:decorative plant_521:picture_517:picture_518:table_532:wall lamp_514:wall lamp_515:wall_503:wall_504:wall_505:wall_506:wall_507:wall_508:wall_509:wall_510:wall_511:wall_512:wall_513:wall_516:wall_522:wall_523:window_524,,Unknown room,Living room
233,1068,00386-b3WpMbPFB6q,16,6,12,ceiling_647:door knob_654:door_653:floor_645:table_759:wall_646:wall_648:wall_649:wall_650:wall_651:wall_652:wall_655,,Unknown room,Living room
242,1132,00410-v7DzfFFEpsD,5,24,52,armchair_212:board game_217:board game_218:book_239:book_240:book_241:book_242:book_243:box_216:box_219:box_223:box_224:ceiling_256:chest of drawers_244:crib_209:curtain rail_247:curtain_245:curtain_246:decoration_228:decoration_229:decoration_237:decoration_238:door_249:door_250:fire alarm_258:floor_259:jacket_230:light fixture_257:picture_232:picture_233:picture_234:picture_235:picture_236:pillow_221:rug_231:sign_260:stuffed animal_211:stuffed animal_213:stuffed animal_214:stuffed animal_215:towel_210:toy_220:toy_222:toy_225:toy_226:toy_227:wall_251:wall_252:wall_253:wall_254:wall_255:window_248,,Unknown room,Living room
246,1154,00414-77mMEyxhs44,10,35,79,armchair_724:audio player_727:bottle_688:box_687:cabinet_685:cabinet_726:candle_660:candle_661:candle_710:ceiling lamp_711:ceiling lamp_712:ceiling_650:ceiling_714:chair_663:chair_682:chair_702:chair_703:chair_704:chair_705:chair_706:chair_707:curtain_664:curtain_666:decoration_659:decoration_662:decoration_689:decorative bottle_723:decorative lamp_678:dinnerware_697:door frame_654:door frame_719:door knob_653:door_652:door_667:door_715:floor lamp_681:floor_649:floor_713:food_709:glass_691:glass_692:glass_693:piano_658:picture_656:picture_673:picture_680:picture_686:plate_694:plate_695:plate_696:plate_698:plate_699:plate_700:platter_690:radiator_674:radiator_720:rocking chair_675:table_708:unknown_683:unknown_725:vase_701:vessel_657:wall lamp_721:wall_651:wall_655:wall_665:wall_670:wall_671:wall_672:wall_684:wall_716:wall_717:wall_718:wall_722:window frame_676:window frame_679:window_668:window_669:window_677,,Unknown room,Kitchen
251,1169,00417-nGhNxKrgBPb,13,12,15,basket_326:blinds_321:cabinet_323:ceiling lamp_320:ceiling_319:dishrag_325:door frame_313:door_314:floor_327:sink_324:wall_315:wall_316:wall_317:wall_318:window frame_322,,Unknown room,Kitchen
252,1175,00422-8wJuSPJ9FXG,0,25,86,bag_49:bag_50:bag_51:bag_52:bouquet_70:bouquet_71:chair_45:clutter_60:container_69:cover_47:cover_53:decoration_20:decoration_24:decoration_25:decoration_26:decoration_29:decoration_34:decoration_58:decoration_59:decoration_74:decorative plant_28:door frame_73:door_72:fence_19:fence_55:flowerpot_21:flowerpot_22:flowerpot_23:flowerpot_3:flowerpot_31:flowerpot_39:flowerpot_4:flowerpot_41:flowerpot_7:flowerpot_8:patio chair_10:patio chair_11:patio chair_13:patio chair_17:patio chair_18:patio chair_46:patio floor_48:pillar_82:pillow_12:pillow_14:pillow_15:pillow_16:plant_1:plant_2:plant_27:plant_30:plant_32:plant_40:plant_42:plant_5:plant_57:plant_6:plant_64:plant_9:stone_54:table_38:tray_65:tray_66:tray_67:umbrella_33:unknown_35:unknown_36:unknown_37:unknown_43:unknown_44:wall_61:wall_62:wall_63:wall_75:wall_77:wall_78:wall_79:wall_80:wall_81:wall_83:wall_84:wall_85:wall_86:wall_87:watering can_56:wood_68,,Unknown room,Living room
255,1188,00422-8wJuSPJ9FXG,13,9,24,ceiling lamp_537:ceiling vent_558:ceiling_536:clothes_540:clothes_541:clothes_542:clothes_543:clothes_544:clothes_545:clothes_550:clothes_551:clothes_557:floor_535:handbag_553:handbag_554:handbag_555:handbag_556:luggage_539:shelf clutter_552:wall_538:wall_546:wall_547:wall_548:wall_549,,Unknown room,Bedroom
272,1289,00475-g7hUFVNac26,20,21,62,appliance_843:bag_837:bag_838:bag_839:bag_853:bag_854:blanket_842:blanket_844:blanket_845:blanket_846:blanket_847:box_869:box_876:cardboard box_848:cardboard box_849:cardboard box_850:cardboard box_851:cardboard box_852:carpet_822:case_835:case_836:ceiling lamp_824:ceiling lamp_825:ceiling_823:clothes_867:clothes_870:clothes_871:clothes_872:clothes_873:clothes_874:clothes_875:door_826:fan_834:hanger_868:hat_866:pillow_840:pillow_841:rack_827:rack_828:shelf_829:shelf_830:shelf_831:shelf_832:shelf_833:shoe_856:shoe_857:shoe_858:shoe_859:shoe_860:shoe_861:shoe_862:shoe_863:shoe_864:tile_865:vacuum cleaner_855:wall_815:wall_816:wall_817:wall_818:wall_819:wall_820:wall_821,,Unknown room,Bedroom
273,1290,00475-g7hUFVNac26,21,16,85,appliance_932:appliance_933:appliance_938:appliance_939:bag_902:bag_903:bag_904:bag_918:bag_930:bag_935:bag_936:bag_937:bag_949:basket of something_910:basket of something_911:basket of something_913:basket of something_914:basket of something_915:basket of something_916:basket of something_960:basket of something_961:belt_947:blanket_917:box_912:box_931:box_934:box_948:carpet_886:ceiling lamp_878:ceiling lamp_879:ceiling_877:clothes_919:clothes_920:clothes_921:clothes_922:clothes_923:clothes_924:clothes_925:clothes_926:clothes_927:clothes_928:clothes_929:clothes_940:clothes_941:clothes_942:clothes_943:clothes_944:clothes_945:clothes_946:clothes_950:door_887:hanging clothes_895:hanging clothes_896:hanging clothes_897:hanging clothes_898:hanging clothes_899:hanging clothes_900:hanging clothes_901:rack_888:rack_889:rack_890:shelf_891:shelf_892:shelf_893:shelf_894:shoe_905:shoe_906:shoe_907:shoe_908:shoe_909:shoe_951:shoe_952:shoe_953:shoe_954:shoe_955:shoe_956:shoe_957:shoe_958:shoe_959:wall_880:wall_881:wall_882:wall_883:wall_884:wall_885,,Unknown room,Bedroom
280,1323,00495-CQWES1bawee,2,27,75,bag_186:bag_201:bag_202:bag_203:bag_217:bag_218:basket of something_219:bench_231:bench_232:blinds_162:blinds_163:blinds_164:book_166:book_167:book_168:bowl_215:bowl_216:box of tissues_165:cabinet_176:cabinet_187:cabinet_222:cardboard box_181:cardboard box_182:cardboard box_183:cardboard box_184:cardboard box_185:ceiling_161:chair_177:chair_224:chair_225:clutter_188:clutter_228:clutter_229:clutter_230:clutter_233:container_213:container_214:display cabinet_180:door frame_189:door frame_196:door frame_205:door frame_211:door_178:door_179:door_207:floor_226:hanger_204:lamp_159:lamp_160:mat_234:small table/stand_175:table_227:tray_174:unknown_169:unknown_170:unknown_171:unknown_172:unknown_190:unknown_191:unknown_194:unknown_195:unknown_206:unknown_220:unknown_221:unknown_235:ventilation_198:wall_192:wall_193:wall_197:wall_199:wall_200:wall_208:wall_212:wall_223:window_173,,Unknown room,Kitchen
283,1334,00495-CQWES1bawee,13,20,81,bag_769:bag_786:bag_787:basket of something_782:basket of something_783:basket_784:basket_818:bowl of fruit_806:box_808:cardboard box_773:cardboard box_775:cardboard box_788:cardboard box_819:cardboard box_820:cardboard box_821:cardboard box_822:cardboard box_823:cardboard box_824:cardboard box_825:cardboard box_826:cardboard box_827:ceiling_748:clutter_771:clutter_774:clutter_785:clutter_795:clutter_796:clutter_797:clutter_807:clutter_815:clutter_816:clutter_828:container_770:container_776:container_777:container_779:container_780:container_791:container_792:container_793:container_798:container_812:container_813:container_814:door_749:floor_751:food_810:food_811:jar_817:mop_781:rack_790:shelf_766:shelf_767:shelf_768:unknown_772:unknown_778:unknown_794:unknown_799:unknown_800:unknown_801:unknown_802:unknown_803:unknown_804:unknown_805:unknown_809:wall_750:wall_752:wall_757:wall_764:wine bottle_753:wine bottle_754:wine bottle_755:wine bottle_756:wine bottle_758:wine bottle_759:wine bottle_760:wine bottle_761:wine bottle_762:wine bottle_763:wine bottle_789:wine rack_765,,Unknown room,Rec room
285,1345,00495-CQWES1bawee,24,15,46,bag_1332:bag_1334:bag_1349:bag_1353:bag_1360:bag_1362:bag_1363:bag_1364:cabinet_1359:cardboard box_1333:cardboard box_1336:cardboard box_1337:cardboard box_1338:cardboard box_1357:cardboard box_1358:cardboard box_1367:cardboard box_1369:cardboard box_1370:cardboard box_1371:cardboard box_1372:carpet_1335:case_1331:case_1340:ceiling_1328:chest_1344:chest_1345:clothes_1351:clothes_1352:clutter_1343:clutter_1365:clutter_1366:clutter_1373:container_1350:device_1361:floor_1346:rug_1347:rug_1354:rug_1355:rug_1356:unknown_1339:unknown_1341:unknown_1368:wall_1329:wall_1330:wall_1342:wall_1348,,Unknown room,Rec room
288,1349,00506-QVAA6zecMHu,1,9,17,ceiling_21:chair_17:chair_18:door frame_14:door frame_26:door_15:door_25:floor_22:plant_20:table_19:wall_11:wall_12:wall_13:wall_16:window_23:window_24:window_27,,Unknown room,Living room
290,1376,00525-iKFn6fzyRqs,11,14,23,candle_643:ceiling_651:chair_631:chair_636:curtain_648:decoration_638:decoration_639:decoration_640:decoration_641:floor_652:lamp_645:piano_649:picture_633:picture_634:picture_646:seat_650:shelf_637:table_642:wall_630:wall_632:wall_635:wall_644:window_647,,Unknown room,Living room
294,1391,00534-DBBESbk4Y3k,1,9,24,ceiling lamp_20:ceiling lamp_21:ceiling lamp_22:ceiling lamp_23:ceiling_27:ceiling_29:ceiling_41:column_24:column_28:column_40:door frame_38:door_39:dressing table_43:floor_34:table_26:wall_25:wall_30:wall_31:wall_32:wall_33:wall_35:wall_36:wall_37:wall_42,,Unknown room,Living room
301,1415,00537-oahi4u45xMf,2,17,44,appliance_185:ceiling_142:chair_162:chair_164:chair_165:chair_179:chair_180:chair_181:chair_182:chair_184:chandelier_176:curtain_156:curtain_161:curtain_166:curtain_167:curtain_173:decoration_171:decoration_172:door frame_157:door frame_160:door_158:door_159:fire alarm_175:floor_143:picture_168:picture_169:picture_170:rug_174:shelf_178:table_163:table_177:wall_144:wall_145:wall_146:wall_147:wall_148:wall_149:wall_150:wall_151:window frame_152:window frame_154:window frame_183:window_153:window_155,,Unknown room,Living room
305,1430,00538-3CBBjsNkhqW,6,30,170,appliance_624:appliance_625:appliance_626:appliance_627:appliance_628:appliance_677:appliance_678:appliance_681:appliance_682:appliance_683:appliance_684:appliance_685:appliance_686:appliance_692:bag_688:bag_738:bag_739:bag_748:bag_752:bag_753:bag_754:basket of something_755:board_623:box_679:box_703:cabinet_621:cardboard box_631:cardboard box_632:cardboard box_633:cardboard box_634:cardboard box_635:cardboard box_636:cardboard box_645:cardboard box_646:cardboard box_647:cardboard box_648:cardboard box_649:cardboard box_651:cardboard box_655:cardboard box_656:cardboard box_657:cardboard box_660:cardboard box_661:cardboard box_669:cardboard box_670:cardboard box_671:cardboard box_672:cardboard box_673:cardboard box_675:cardboard box_676:cardboard box_695:cardboard box_696:cardboard box_705:cardboard box_721:cardboard box_734:cardboard box_741:cart_619:case_700:case_702:case_708:case_709:case_710:case_713:case_714:ceiling_782:chair_697:chair_711:clothes_701:clutter_629:clutter_638:clutter_652:clutter_674:clutter_717:clutter_735:column_720:container_639:container_640:container_641:container_643:container_644:container_662:container_663:container_665:container_666:container_667:container_668:container_704:container_706:container_707:container_743:container_744:container_745:door_618:duct_759:duct_760:duct_761:duct_762:floor_715:furnace_723:hanger_726:hanger_765:hanger_769:hanger_770:hanger_771:hanger_772:hanger_773:hanger_774:lamp_766:lamp_779:pipe_722:pipe_724:pipe_725:pipe_727:pipe_728:pipe_733:pipe_763:pipe_764:pipe_767:pipe_768:pipe_775:pipe_776:pipe_777:pipe_780:pipe_781:rack_664:rack_680:rack_737:rug_716:stand_687:table_691:table_698:table_699:table_718:trashcan_712:tray_620:tray_642:unknown_637:unknown_650:unknown_653:unknown_654:unknown_658:unknown_659:unknown_689:unknown_690:unknown_694:unknown_719:unknown_736:unknown_740:unknown_742:unknown_746:unknown_747:unknown_749:unknown_750:unknown_751:unknown_783:unknown_784:unknown_785:unknown_786:unknown_787:wall_622:wall_630:wall_693:wall_729:wall_730:wall_731:wall_732:wall_756:wall_757:wall_758:wall_778,,Unknown room,Rec room
306,1438,00538-3CBBjsNkhqW,14,16,88,cardboard box_1095:cardboard box_1096:cardboard box_1097:cardboard box_1098:cardboard box_1099:cardboard box_1100:cardboard box_1101:cardboard box_1102:cardboard box_1103:cardboard box_1104:cardboard box_1105:cardboard box_1106:cardboard box_1107:cardboard box_1108:cardboard box_1109:cardboard box_1110:cardboard box_1111:cardboard box_1112:cardboard box_1113:cardboard box_1114:cardboard box_1115:cardboard box_1116:cardboard box_1117:cardboard box_1118:cardboard box_1119:cardboard box_1120:cardboard box_1121:cardboard box_1122:cardboard box_1123:cardboard box_1124:cardboard box_1125:cardboard box_1126:ceiling door_1049:ceiling_1052:chair_1062:clothes_1063:clothes_1064:clothes_1065:clothes_1066:clothes_1067:clothes_1068:clothes_1129:clothes_1130:clothes_1131:clothes_1132:clothes_1133:clothes_1134:container_1070:container_1071:container_1078:container_1085:container_1086:container_1087:container_1088:container_1089:door_1048:floor_1061:hanger_1069:lamp_1050:lamp_1051:shelf_1090:shelf_1092:shelf_1093:shelf_1094:shelf_1135:shoe_1080:shoe_1081:shoe_1082:shoe_1083:shoe_1084:storage bin_1076:storage bin_1077:storage cabinet_1072:storage cabinet_1074:storage cabinet_1079:storage cabinet_1127:unknown_1073:unknown_1075:wall_1053:wall_1054:wall_1055:wall_1056:wall_1057:wall_1058:wall_1059:wall_1060:wall_1091:wall_1128,,Unknown room,Bedroom
307,1439,00538-3CBBjsNkhqW,15,21,52,ceiling fixture_1137:ceiling_1140:chair_1163:chair_1180:chair_1181:chair_1182:chair_1183:chair_1184:chair_1185:clock_1142:clutter_1169:display cabinet_1157:display cabinet_1175:door frame_1155:door frame_1160:floor_1179:lamp_1136:lamp_1138:lamp_1139:lamp_1147:ornament_1145:piano bench_1153:piano_1154:picture_1141:picture_1148:plant_1156:table cloth_1187:table_1186:unknown_1146:unknown_1150:unknown_1151:unknown_1152:unknown_1164:unknown_1165:unknown_1166:unknown_1167:unknown_1168:unknown_1170:unknown_1171:unknown_1172:unknown_1173:unknown_1174:ventilation_1159:wall_1143:wall_1144:wall_1149:wall_1158:wall_1161:wall_1162:wall_1178:window frame_1177:window_1176,,Unknown room,Living room
313,1467,00541-FnDDfrBZPhh,11,27,53,air duct_271:air duct_272:air heater_298:bag_292:bag_299:basket_295:beam_290:box_283:box_297:box_300:box_301:box_303:box_309:box_313:bucket_285:cables_281:cables_287:canvas_315:cardboard_310:ceiling_278:container_302:container_304:container_306:drawers_293:drawers_294:floor_323:folded table_308:freezer_289:freezer_291:hanging clothes_277:highchair_312:lamp_276:pipe_273:pipe_274:pipe_275:roll_280:rug_286:sleeping bag_305:table_316:trampoline_307:unknown_279:unknown_282:unknown_284:unknown_288:unknown_296:unknown_311:unknown_314:unknown_317:unknown_318:wall_319:wall_320:wall_321:wall_322,,Unknown room,Living room
314,1483,00547-9h5JJxM6E5S,1,18,34,basket_94:bottle of detergent_84:box_86:box_87:box_88:box_89:box_91:box_92:box_93:carpet_104:ceiling_78:door frame_75:door_76:floor_103:hanger_85:hanging clothes_95:ironing board_77:lamp_79:laundry basket_80:laundry machine_81:laundry machine_82:shelving_83:towel_100:towel_101:towel_102:towel_97:towel_98:towel_99:unknown_90:unknown_96:wall_71:wall_72:wall_73:wall_74,,Unknown room,Hall/stairwell
323,1512,00557-fRZhp6vWGw7,15,14,31,bookshelf_419:ceiling_401:chair_427:chair_428:chair_429:chair_430:chair_431:door_417:floor_402:lamp_413:lamp_414:lamp_415:lamp_416:newspaper_418:photo_403:photo_404:picture_405:picture_406:table_426:wall_420:wall_421:wall_422:wall_423:wall_424:wall_425:window frame_411:window frame_412:window shade_408:window shade_409:window_407:window_410,,Unknown room,Living room
324,1514,00557-fRZhp6vWGw7,17,12,36,ceiling_494:ceiling_495:ceiling_496:ceiling_497:ceiling_498:ceiling_499:ceiling_500:ceiling_501:ceiling_502:chair_526:chair_527:chair_528:chair_529:curtain_510:curtain_511:curtain_512:door frame_520:floor_503:lamp_504:painting_505:painting_506:picture_507:picture_508:picture_509:table_519:table_525:wall_521:wall_522:wall_523:wall_524:window frame_516:window frame_517:window frame_518:window_513:window_514:window_515,,Unknown room,Dining room
325,1517,00557-fRZhp6vWGw7,20,13,22,cabinet_644:cabinet_645:cabinet_646:cabinet_647:cabinet_648:cabinet_649:ceiling_638:copier_640:counter_651:door frame_652:exit sign_654:floor_639:rug_659:sign_653:sink_641:soap dispenser_642:unknown_643:unknown_650:wall_655:wall_656:wall_657:wall_658,,Unknown room,Kitchen
326,1519,00560-gjhYih4upQ9,1,14,22,cabinet_11:cabinet_13:ceiling_10:chair_15:door frame_19:door_18:door_6:fan_20:floor_1:printer_12:table_16:telephone_17:trashcan_14:trashcan_9:unknown_123:unknown_377:wall_2:wall_3:wall_4:wall_5:window_7:window_8,,Unknown room,Office
327,1520,00560-gjhYih4upQ9,2,18,50,armchair_37:armchair_38:cabinet_30:ceiling_50:chair_51:chair_52:chair_53:chair_54:chair_55:chair_56:clock_45:curtain rail_48:device_351:device_352:door frame_47:door frame_62:door frame_65:door frame_66:door_46:door_63:floor_21:flower vase_36:flower vase_58:lamp_350:lamp_42:lamp_44:lamp_67:pillow_40:pillow_41:table_35:table_39:table_57:telephone_43:tv_31:wall_22:wall_23:wall_24:wall_25:wall_26:wall_27:wall_28:wall_29:wall_32:wall_33:wall_34:wall_59:wall_60:wall_61:wall_64:window curtain_49,,Unknown room,Living room
329,1544,00567-KjZrPggnHm8,12,9,42,ceiling_475:ceiling_497:chair_480:chair_481:chair_482:chair_483:chair_495:chair_496:floor_466:floor_489:lamp_476:lamp_477:lamp_498:lamp_499:lamp_500:step_467:step_490:step_491:table_479:wall panel_460:wall panel_461:wall panel_462:wall panel_463:wall panel_464:wall panel_465:wall panel_478:wall_459:wall_468:wall_469:wall_470:wall_471:wall_472:wall_473:wall_474:wall_484:wall_485:wall_486:wall_488:wall_492:wall_493:wall_494:window_487,,Unknown room,Living room
333,1560,00582-TYDavTf8oyy,4,18,24,bag_144:basket_152:box_155:box_156:ceiling lamp_158:ceiling_135:clothes_150:coat hanger_151:floor_140:flower vase_148:flower vase_149:laundry basket_153:laundry machine_141:laundry machine_142:paper towel_157:picture_146:rack_145:shelf_147:sink_143:wall detail_154:wall_136:wall_137:wall_138:wall_139,,Unknown room,Kitchen
339,1609,00591-JptJPosx1Z6,23,16,47,bag_1013:bag_1014:bag_1021:basket_1038:blanket_1030:blanket_1031:box_1017:box_1018:box_1025:box_1026:box_1027:box_1028:box_1029:cabinet_1051:case_1034:case_1041:ceiling_1050:clothes_1012:clothes_1024:clothes_1033:clothes_1035:clothes_1036:clothes_1047:clothes_1049:door_1039:floor_1053:hanger_1032:hat_1048:stool_1052:storage_1011:storage_1023:storage_1040:storage_1046:unknown_1015:unknown_1016:unknown_1019:unknown_1020:unknown_1063:unknown_1064:unknown_1065:wall_1010:wall_1022:wall_1037:wall_1042:wall_1043:wall_1044:wall_1045,,Unknown room,Bedroom
340,1613,00592-CthA7sQNTPK,3,6,18,ceiling lamp_83:ceiling_82:clothes_88:clothes_89:clothes_90:clothes_91:clothes_92:clothes_93:clothes_94:clothes_95:clothes_96:clothes_97:door_86:floor_85:wall_440:wall_84:wall_87:wall_98,,Unknown room,Bedroom
341,1614,00592-CthA7sQNTPK,4,14,19,cabinet_112:ceiling lamp_107:ceiling_99:door frame_106:door_105:floor_104:glass_118:plant_115:shelf_114:sink_113:unknown_117:unknown_119:unknown_120:wall_100:wall_101:wall_102:wall_103:window_121:wine_116,,Unknown room,Kitchen
343,1619,00592-CthA7sQNTPK,9,16,49,box_229:box_230:cabinet_197:cabinet_228:ceiling lamp_222:ceiling lamp_223:ceiling_221:chair_225:crib_233:decoration_227:door_217:door_235:floor_188:picture_206:picture_207:picture_208:picture_220:plant_198:plant_234:rug_224:table_226:unknown_231:unknown_232:wall_189:wall_191:wall_195:wall_196:wall_199:wall_200:wall_201:wall_202:wall_203:wall_204:wall_205:wall_209:wall_210:wall_211:wall_212:wall_213:wall_214:wall_215:wall_216:wall_218:wall_219:wall_236:window_190:window_192:window_193:window_194,,Unknown room,Living room
351,1644,00598-mt9H8KcxRKD,19,14,79,armchair_394:armchair_395:armchair_396:cabinet_390:cabinet_391:cabinet_392:cabinet_393:ceiling_372:chair_400:chair_401:chair_402:chair_403:chair_404:chair_405:chair_406:chair_407:chair_408:chair_409:door_389:floor_373:lamp_418:lamp_419:lamp_420:lamp_421:lamp_422:lamp_423:lamp_424:lamp_425:lamp_426:lamp_427:lamp_428:lamp_429:lamp_430:lamp_431:lamp_432:lamp_433:lamp_434:lamp_435:lamp_436:lamp_437:lamp_438:lamp_439:lamp_440:lamp_441:lamp_442:lamp_443:lamp_444:lamp_445:lamp_446:lamp_447:lamp_448:lamp_449:lamp_450:picture_386:picture_387:shelf_378:shelf_379:shelf_384:shelf_385:shelf_410:shelf_411:shelf_412:shelf_413:table_399:tv_377:unknown_380:unknown_381:unknown_382:unknown_383:unknown_388:unknown_397:unknown_414:unknown_415:unknown_416:unknown_417:wall_375:wall_376:wall_398:window_374,,Unknown room,Living room
352,1645,00598-mt9H8KcxRKD,20,10,32,bin_460:cabinet_459:ceiling_451:chair_462:chair_463:chair_464:chair_465:door_457:floor_452:lamp_466:lamp_467:lamp_468:lamp_469:lamp_470:lamp_471:lamp_472:lamp_473:lamp_474:lamp_475:lamp_476:lamp_477:lamp_478:lamp_479:lamp_480:lamp_481:lamp_482:table_461:tv_458:wall_453:wall_454:wall_455:wall_456,,Unknown room,Living room
355,1653,00598-mt9H8KcxRKD,28,10,33,bin_686:ceiling_655:ceiling_667:chair_683:chair_684:chair_685:door_668:floor_656:lamp_669:lamp_670:lamp_671:lamp_672:lamp_673:lamp_674:lamp_675:lamp_676:lamp_677:lamp_678:lamp_679:lamp_680:lamp_681:table_682:unknown_687:wall_657:wall_658:wall_660:wall_661:wall_662:wall_663:wall_664:wall_665:wall_666:window_659,,Unknown room,Living room
363,1703,00626-XiJhRLvpKpX,2,18,35,box_138:bridge_143:ceiling_118:chair_136:chair_137:chair_140:chair_141:door_120:floor_119:flower vase_132:lamp table_131:mat_142:painting_124:radiator_123:shelf_130:table_139:toy_125:toy_126:toy_127:toy_128:toy_129:wall lamp_135:wall_109:wall_110:wall_111:wall_112:wall_113:wall_114:wall_115:wall_116:wall_117:window curtain_122:window_121:window_133:window_134,,Unknown room,Living room
375,1731,00638-iePHCSf119p,3,47,108,bench_98:bottle_149:bottle_152:bottles_148:bottles_151:cabinet_134:cabinet_135:cabinet_164:cabinet_97:cables_126:camera_67:cash register_127:ceiling_68:cleaner bottle_118:container_110:containers_136:containers_137:containers_138:containers_139:containers_140:containers_141:containers_142:containers_143:containers_144:containers_145:containers_146:containers_147:countertop_131:countertop_133:device_123:document_125:door frame_158:door frame_160:door frame_165:door_157:door_161:door_166:fan_66:figurine_101:fire alarm_93:floor_168:highchair_84:jars_103:lamp_170:lamp_171:lamp_172:leaflets_94:leaflets_95:leaflets_96:menu board_112:menu board_113:menu board_150:menu board_85:menu_109:monitor_130:payment terminal_120:phone_121:photo_72:photo_73:photo_74:photo_75:photo_76:photo_77:photo_78:photo_79:photo_80:photo_81:plant_69:plant_70:plant_83:plant_86:plant_99:poster_71:receipt printer_119:sheet_128:sheet_129:shelving_111:shelving_153:sign_82:sink_132:smoke detector_65:stool_114:stool_115:stool_116:stool_117:tablet_122:toy_102:unknown_104:unknown_105:unknown_106:unknown_107:unknown_108:unknown_124:unknown_154:unknown_87:unknown_88:unknown_89:unknown_90:unknown_91:unknown_92:vase_100:ventilation_169:wall_159:wall_162:wall_163:wall_167:window frame_156:window_155,,Unknown room,Kitchen
376,1732,00638-iePHCSf119p,4,18,142,air conditioner_173:air conditioner_174:bench_256:bench_257:bench_258:bench_259:bench_260:bench_261:bench_262:bench_263:bench_264:bench_265:bench_266:bench_267:cabinet_255:ceiling_177:chair_213:chair_214:chair_215:chair_216:chair_217:chair_218:chair_219:chair_220:chair_221:chair_222:chair_223:chair_224:chair_225:chair_226:chair_227:chair_228:chair_229:chair_230:chair_231:chair_232:chair_233:chair_234:fan_175:fan_176:floor_298:lamp_299:lamp_300:lamp_301:lamp_302:lamp_303:lamp_304:lamp_305:lamp_306:lamp_307:lamp_308:lamp_309:lamp_310:lamp_311:lamp_312:lamp_313:lamp_314:photo_179:photo_180:photo_181:photo_182:photo_183:photo_184:photo_185:photo_186:photo_187:photo_188:photo_189:photo_190:photo_191:photo_192:photo_193:photo_194:photo_195:photo_196:photo_197:photo_198:photo_199:photo_200:photo_201:photo_202:photo_203:photo_204:photo_205:photo_206:photo_207:photo_208:photo_209:photo_210:photo_211:pillar_288:pillar_289:pillar_290:plant_253:plant_254:plant_272:plant_273:plant_274:plant_275:plant_277:plant_278:plant_279:plant_280:plant_281:plant_282:plant_283:plant_284:pot_276:pot_285:smoke detector_178:sombrero_268:table_235:table_236:table_237:table_238:table_239:table_240:table_241:table_242:table_243:table_244:table_245:table_246:table_247:table_248:table_249:table_250:table_251:table_252:wall_212:wall_269:wall_270:wall_271:wall_286:wall_287:wall_295:window frame_291:window frame_293:window frame_296:window_292:window_294:window_297,,Unknown room,Living room
378,1737,00643-ggNAcMh8JPT,2,13,33,carpet_164:ceiling_159:display cabinet_167:fire alarm_182:flowerpot_173:flowerpot_174:flowerpot_175:flowerpot_176:flowerpot_177:flowerpot_178:flowerpot_179:lamp_172:picture_168:picture_169:picture_170:picture_171:picture_180:picture_181:pillar_190:pillar_191:rack_186:table_166:wall panel_165:wall_160:wall_161:wall_162:wall_163:wall_183:wall_184:wall_185:window_187:window_188:window_189,,Unknown room,Living room
379,1745,00643-ggNAcMh8JPT,10,37,195,appliance_557:appliance_690:bag_562:bag_594:bag_596:bag_597:bag_600:bag_601:bag_602:bag_608:basket of something_576:basket of something_649:basket of something_650:basket_536:basket_598:basket_599:bin_534:bin_535:boiler_544:boiler_545:bottle_671:bottle_672:bottle_673:bottle_674:bottle_675:bottle_676:bottle_680:bottle_681:bottle_682:bottle_683:bottle_695:box_547:box_610:box_611:box_612:box_677:box_678:box_679:box_684:box_694:brush_686:can of paint_640:can of paint_641:can of paint_642:can of paint_643:can of paint_644:can of paint_645:can of paint_646:can of paint_669:can of paint_670:can_571:can_647:can_648:cardboard box_572:cardboard box_573:cardboard box_574:cardboard box_575:cardboard box_577:cardboard box_578:cardboard box_579:cardboard box_580:cardboard box_581:cardboard box_582:cardboard box_583:cardboard box_584:cardboard box_585:cardboard box_586:cardboard box_587:cardboard box_588:cardboard box_589:cardboard box_590:cardboard box_591:cardboard box_592:cardboard box_593:cardboard box_604:cardboard box_605:cardboard box_606:cardboard box_607:cardboard box_613:cardboard box_614:cardboard box_615:cardboard box_616:cardboard box_617:cardboard box_618:cardboard box_619:cardboard box_620:cardboard box_621:cardboard box_622:cardboard box_623:cardboard box_624:cardboard box_625:cardboard box_626:cardboard box_627:cardboard box_628:cardboard box_629:cardboard box_630:cardboard box_631:cardboard box_632:cardboard box_633:cardboard box_634:cardboard box_635:cardboard box_636:cardboard box_639:cardboard box_652:cardboard box_653:cardboard box_654:cardboard box_655:cardboard box_656:cardboard box_657:cardboard box_658:cardboard box_659:cardboard box_660:cardboard box_661:cardboard box_662:cardboard box_663:cardboard box_666:cardboard box_667:cardboard box_668:cardboard box_685:carpet_637:carpet_638:case_567:case_568:case_569:case_570:case_664:ceiling_501:door frame_507:door_508:door_509:door_559:door_560:duct_510:duct_511:duct_512:duct_513:electric box_550:electric box_551:electric box_552:fan_603:floor_502:fluorescent light_543:hose_540:hose_561:hose_688:ladder_539:mat_609:pipe_514:pipe_515:pipe_516:pipe_517:pipe_518:pipe_519:pipe_520:pipe_521:pipe_522:pipe_523:pipe_524:pipe_525:pipe_526:pipe_527:pipe_553:pipe_554:pipe_555:pipe_556:pipe_687:pipe_689:platform_563:platform_564:platform_565:platform_566:rack_528:rack_529:rack_530:rack_531:rack_532:rack_533:robe_651:shelf_549:shelf_691:sink_541:stool_595:tap_542:tool box_537:tool box_548:tool box_665:vacuum cleaner_538:vacuum cleaner_546:wall_503:wall_504:wall_505:wall_506:wall_692:wall_693:window frame_558,,Unknown room,Rec room
382,1755,00657-TSJmdttd2GV,8,25,38,armchair_348:basket_343:blanket_354:bunk bed_350:carpet_364:ceiling_365:clock_336:clock_355:closet rod_347:closet_345:curtain_358:curtain_359:decoration_342:door frame_357:door_356:floor_363:hanger_338:hanger_339:hanger_346:lamp_349:lamp_366:picture_335:picture_341:pillow_352:pillow_353:side table_340:switch_337:towel_351:wall hanging decoration_330:wall hanging decoration_331:wall hanging decoration_332:wall hanging decoration_333:wall_329:wall_334:wall_344:wall_360:window frame_361:window_362,,Unknown room,Living room
385,1764,00662-aRKASs4e8j1,0,35,201,bin_189:bin_30:bin_31:bottle_140:box_136:box_178:box_179:box_180:box_181:box_182:box_183:box_184:cabinet /otherroom_164:cabinet /otherroom_165:cabinet /otherroom_166:cabinet /otherroom_167:cabinet /otherroom_168:cabinet /otherroom_169:cabinet /otherroom_170:cabinet /otherroom_171:cabinet /otherroom_172:cabinet /otherroom_173:cabinet /otherroom_174:cabinet /otherroom_175:cabinet /otherroom_176:cabinet /otherroom_37:cabinet /otherroom_38:cabinet /otherroom_39:cabinet /otherroom_40:cabinet /otherroom_41:cabinet /otherroom_42:cabinet /otherroom_43:cabinet /otherroom_44:cabinet /otherroom_45:cabinet /otherroom_46:cabinet /otherroom_47:cabinet /otherroom_48:cabinet /otherroom_49:cabinet /otherroom_50:cabinet /otherroom_51:cabinet /otherroom_52:cabinet /otherroom_53:ceiling_17:ceiling_19:countertop /otherroom_132:countertop /otherroom_133:countertop /otherroom_198:countertop /otherroom_199:device_126:device_127:device_128:device_129:device_134:device_135:device_92:device_93:device_94:device_95:device_96:device_97:device_98:device_99:fire alarm_160:floor_91:keyboard_111:keyboard_112:keyboard_113:keyboard_114:light fixture_1:light fixture_10:light fixture_11:light fixture_12:light fixture_13:light fixture_14:light fixture_15:light fixture_16:light fixture_2:light fixture_3:light fixture_4:light fixture_5:light fixture_6:light fixture_7:light fixture_8:light fixture_84:light fixture_85:light fixture_9:monitor_100:monitor_101:monitor_102:monitor_103:mouse_115:mouse_116:mouse_117:mouse_118:paper towel_122:paper towel_123:pillar_89:pillar_90:plug_124:plug_125:projector_195:rack_86:rack_87:rack_88:recycle bin_188:recycle bin_29:shelf_130:shelf_131:shelving_192:sign_161:sign_162:sign_163:sink_108:sink_109:sink_110:soap dispenser_119:soap dispenser_120:soap dispenser_121:surface_157:table_32:tap_54:tap_547:tap_55:tap_56:tap_57:tap_58:tap_59:tap_60:tap_61:tap_62:tap_63:tap_64:tap_65:tap_66:tap_67:tap_68:tap_69:tap_70:tap_71:tap_72:tap_73:tap_74:tap_75:tap_76:tap_77:tap_78:tap_79:tap_80:tap_81:tap_82:tap_83:tray_141:tray_142:tray_143:trolley_197:unknown_104:unknown_105:unknown_106:unknown_107:unknown_137:unknown_138:unknown_139:unknown_185:unknown_186:unknown_187:unknown_548:ventilation hood_147:ventilation hood_177:wall_144:wall_145:wall_146:wall_148:wall_149:wall_150:wall_151:wall_152:wall_153:wall_154:wall_155:wall_156:wall_158:wall_159:wall_18:wall_193:wall_194:wall_196:wall_28:wall_33:wall_34:wall_35:wall_36:whiteboard_190:whiteboard_191:window frame_24:window frame_25:window frame_26:window frame_27:window_20:window_21:window_22:window_23,,Unknown room,Kitchen
386,1767,00662-aRKASs4e8j1,3,8,14,bin_535:ceiling_536:floor_534:table_543:unknown_533:unknown_538:wall_537:wall_539:wall_544:wall_545:wall_546:window frame_541:window frame_542:window_540,,Unknown room,Living room
389,1780,00664-u5atqC7vRCY,13,7,30,bench_503:clothes_507:clothes_508:clothes_509:clothes_510:clothes_512:clothes_513:clothes_514:clothes_515:clothes_516:clothes_517:clothes_523:clothes_524:clothes_525:clothes_526:clothes_527:clothes_528:clothes_529:clothes_530:clothes_531:floor_502:unknown_511:unknown_518:unknown_519:wall_504:wall_520:wall_521:wall_522:window frame_505:window_506,,Unknown room,Bedroom
396,1826,00688-SgkmkWjjmDJ,1,17,53,ceiling_55:chair_72:chair_73:chair_74:chair_75:chair_76:chair_77:device_52:display cabinet_89:door frame_101:door frame_93:door frame_97:door frame_99:door_92:door_96:door_98:floor_91:flower_64:flowerpot_65:lamp_50:lamp_56:lamp_57:lamp_60:picture_61:plate_66:plate_67:plate_68:plate_69:plate_70:plate_71:rug_79:table_78:unknown_53:unknown_54:unknown_58:unknown_59:unknown_86:unknown_87:unknown_88:ventilation_63:wall_100:wall_102:wall_51:wall_62:wall_80:wall_81:wall_82:wall_83:wall_84:wall_85:wall_90:wall_94:wall_95,,Unknown room,Living room
404,1847,00696-DsEJeNPcZtE,7,13,23,cabinet_302:ceiling fan_308:ceiling_292:decoration_305:door_307:floor_286:lamp_295:lamp_298:monitor_300:monitor_303:painting_304:table_293:table_296:table_299:unknown_294:unknown_297:unknown_306:wall_287:wall_288:wall_289:wall_290:wall_291:window frame_301,,Unknown room,Living room
419,1918,00723-hWDDQnSDMXb,11,8,22,cabinet_458:cabinet_467:cabinet_468:ceiling lamp_456:ceiling_455:clothes_459:clothes_460:clothes_461:clothes_462:clothes_463:clothes_464:clothes_465:clothes_466:clothes_473:clothes_474:clothes_475:floor_454:shelf_470:unknown_471:unknown_472:wall_457:wall_469,,Unknown room,Bedroom
431,1994,00745-yX5efd48dLf,3,33,72,appliance_136:armchair_131:bowl_174:cabinet_176:ceiling lamp_139:ceiling molding_142:ceiling molding_143:ceiling_140:ceiling_141:chair_177:chair_178:chair_179:chair_180:chest of drawers_129:column_161:column_162:curtain rod_166:curtain rod_171:curtain_172:curtain_173:decoration_126:decoration_128:decorative plate_123:decorative plate_124:door frame_138:door frame_144:door_153:fireplace tool set_163:fireplace wall_158:fireplace_132:floor_135:floor_154:painting_113:painting_114:painting_117:painting_118:painting_119:painting_120:painting_122:picture_121:picture_125:picture_175:pillow_130:rug_133:rug_134:shelf_160:stand_137:table_181:unknown_127:unknown_159:unknown_495:unknown_496:wall lamp_152:wall_145:wall_146:wall_147:wall_148:wall_149:wall_150:wall_151:wall_155:wall_156:wall_157:wall_164:wall_170:wall_497:window curtain_167:window curtain_168:window frame_165:window frame_169:window glass_115:window glass_116,,Unknown room,Dining room
435,2007,00746-RTV2n6fXB2w,4,24,61,basket_274:box_256:box_264:box_265:bucket_251:cabinet_252:cabinet_258:ceiling_247:door cabinet_303:door cabinet_304:door window_277:door window_278:door window_279:door window_280:door window_281:door window_282:door_276:doormat_270:drawer_305:dustpan_260:flag_261:floor_245:hammer_296:jar_267:jar_268:jar_269:jar_283:jar_284:jar_285:jar_286:jar_287:jar_295:oil lamp_253:pitchfork_262:shelf_263:table_257:tool_297:tool_298:tool_299:tool_300:tool_301:tool_302:unknown_254:unknown_255:unknown_259:unknown_266:unknown_271:unknown_272:unknown_273:unknown_275:unknown_293:unknown_294:wall_246:wall_248:wall_249:wall_250:window frame_288:window glass_289:window glass_290:window glass_291:window glass_292,,Unknown room,Kitchen
436,2025,00750-E1NrAhMoqvB,14,14,65,basket of something_896:basket of something_904:basket of something_905:basket of something_906:basket of something_907:basket of something_908:basket of something_909:basket of something_910:book_913:bottle_899:bottle_900:bottle_901:box_912:cabinet_903:ceiling lamp_881:ceiling_880:floor_895:picture_883:picture_884:picture_885:picture_893:stand/small table_897:toy_898:unknown_1000:unknown_1001:unknown_1002:unknown_1003:unknown_1004:unknown_1005:unknown_1006:unknown_1007:unknown_1008:unknown_1009:unknown_1010:unknown_1011:unknown_1012:unknown_1013:unknown_1014:unknown_1015:unknown_1016:unknown_1017:unknown_888:unknown_902:unknown_911:unknown_987:unknown_988:unknown_989:unknown_990:unknown_991:unknown_992:unknown_993:unknown_994:unknown_995:unknown_996:unknown_997:unknown_998:unknown_999:wall hanging decoration_890:wall hanging decoration_891:wall hanging decoration_894:wall_882:wall_886:wall_887:wall_889:wall_892,,Unknown room,Kitchen
437,2026,00750-E1NrAhMoqvB,15,17,72,box_919:box_925:cabinet_916:cabinet_917:cabinet_979:ceiling_914:cloth_960:clothes hanger rod_975:clothes hanger rod_976:clothes hanger rod_977:clothes hanger rod_978:clothes hanger_961:clothes_928:clothes_940:clothes_941:clothes_942:clothes_943:clothes_944:door frame_932:door frame_933:door frame_934:floor_915:iron board_929:laundry basket_927:picture_926:picture_986:shelf_984:shelf_985:shoe_963:shoe_964:shoe_965:shoe_966:shoe_967:shoe_968:shoe_969:shoe_970:shoe_971:shoe_972:shoe_973:shoe_974:shoe_983:towel_945:towel_946:towel_947:towel_948:towel_949:towel_950:towel_951:towel_955:towel_956:towel_957:towel_958:towel_959:towel_980:towel_981:towel_982:unknown_918:unknown_920:unknown_921:unknown_922:unknown_923:unknown_924:unknown_935:unknown_937:unknown_938:unknown_952:unknown_953:unknown_954:wall_930:wall_931:wall_936:wall_962,,Unknown room,Bedroom
445,2061,00758-HfMobPm86Xn,16,6,11,cabinet_777:ceiling lamp_776:ceiling_775:door frame_778:pillow_954:pillow_955:pillow_956:pillow_957:wall_772:wall_773:wall_774,,Unknown room,Living room
447,2074,00800-TEEsavR23oF,9,14,33,cabinet_454:ceiling_443:chair_445:chair_446:chair_447:chair_448:chair_449:chair_450:chair_451:chair_453:curtain_435:curtain_436:door frame_431:door frame_432:door frame_433:floor_444:flower_455:flower_456:flower_457:pad_458:pad_459:picture_442:table_452:ventilation hood_460:wall_428:wall_429:wall_430:wall_434:wall_441:window frame_439:window frame_440:window_437:window_438,,Unknown room,Living room
448,2077,00800-TEEsavR23oF,12,21,56,backpack_632:blanket_619:boxes_633:briefcase_630:briefcase_631:case_627:ceiling lamp_638:ceiling_584:clothes hanger rod_621:clothes hanger rod_622:clothes_604:clothes_613:clothes_616:clothes_617:clothes_618:clothes_620:door frame_635:door frame_636:door frame_637:door_634:floor_591:iron board_602:iron_603:pillow_606:pillow_607:pillow_608:shoe_592:shoe_593:shoe_594:shoe_595:shoe_596:shoe_597:shoe_598:shoe_599:shoe_600:shoe_601:shoe_609:shoe_610:shoe_611:shoe_612:shoe_623:shoe_624:shoe_625:shoe_626:stack of papers_628:storage box_629:unknown_605:unknown_614:unknown_615:ventilation hood_639:wall_585:wall_586:wall_587:wall_588:wall_589:wall_590,,Unknown room,Bedroom
449,2079,00802-wcojb4TFT35,0,32,81,air duct_565:air vent_576:backpack_589:bag_594:bag_595:bag_600:bag_601:bag_606:bag_632:bag_633:bag_634:basket_586:basket_591:basketballs_626:box with books_596:box_597:box_620:boxes_611:boxes_628:cans of paint_618:cans of paint_619:cardboard_622:ceiling_642:christmas tree_575:container_585:container_587:container_588:container_602:container_603:container_605:container_612:container_613:container_614:container_615:container_616:container_617:container_621:container_625:container_629:container_630:containers_581:containers_599:easel_609:fire sprinkler_564:floor_573:folder_623:lamp_563:lamp_578:lamp_641:lid_582:lid_583:lid_584:light switch_569:luggage_635:luggage_636:luggage_637:painting_598:shelf_607:shelf_608:shelf_638:shelf_639:shelf_640:sleeping bag_631:storage box_592:storage box_593:table_590:unknown_580:unknown_604:unknown_610:unknown_624:unknown_627:vacuum cleaner_579:wall_568:wall_570:wall_571:wall_572:wall_574:wall_577:wall_643:window_566:window_567,,Unknown room,Living room
451,2084,00802-wcojb4TFT35,5,9,19,ceiling_399:ceiling_411:chair_413:chair_414:chair_415:chair_416:floor_401:flower vase_412:lamp_400:table_417:wall_404:wall_405:wall_406:wall_407:wall_408:wall_409:wall_410:window shutters_403:window_402,,Unknown room,Living room
453,2098,00803-k1cupFYWXJ6,2,19,55,armchair_127:armchair_130:armchair_131:armchair_132:bust_143:bust_163:ceiling arch_117:ceiling arch_140:ceiling arch_159:ceiling decorative lamp_126:ceiling lamp_144:ceiling lamp_164:ceiling lamp_166:ceiling lamp_167:ceiling_120:ceiling_141:ceiling_161:decorative plant_136:door frame_113:door knob_115:door_114:floor_137:floor_157:radiator_165:stained glass_116:table lamp_129:table lamp_133:table_128:table_134:table_135:wall lamp_122:wall lamp_123:wall lamp_124:wall lamp_125:wall_118:wall_119:wall_121:wall_138:wall_139:wall_142:wall_147:wall_148:wall_149:wall_150:wall_153:wall_154:wall_155:wall_156:wall_158:wall_160:wall_162:window frame_145:window frame_151:window_146:window_152,,Unknown room,Living room
464,2146,00813-svBbv1Pavdk,6,12,21,basket_170:basket_171:ceiling_166:door frame_178:door_167:door_176:floor_183:ironing board_172:lamp_164:plant_169:railing_173:railing_174:railing_184:shelving_182:sprinkler_165:wall_168:wall_175:wall_177:wall_179:wall_180:wall_181,,Unknown room,Hall/stairwell
466,2160,00814-p53SfW6mjZe,9,18,46,appliance_318:bag_293:bag_294:bag_295:bag_296:bag_299:bag_300:bag_301:bag_302:bag_304:bag_305:bag_306:bag_307:bag_308:bag_309:bag_310:basket of something_316:basket of something_317:board_323:bottle_297:bottle_298:bottle_311:broom_290:broom_291:broom_292:bucket_289:cabinet_312:ceiling lamp_321:ceiling lamp_322:ceiling_281:coffee machine_313:coffee machine_314:cutting board_319:cutting board_320:door frame_324:door frame_325:door frame_326:floor_287:jar_315:rack_288:rack_303:wall_282:wall_283:wall_284:wall_286:window_285,,Unknown room,Kitchen
468,2176,00815-h1zeeAwLh9Z,0,23,36,basket of something_7:basket_21:beam_2:beam_3:beam_33:beam_4:bench_22:bottle of detergent_9:bottle_10:box of tissues_8:cabinet_11:ceiling_1:decorative plant_32:door frame_16:door frame_17:door frame_18:door window_14:door_12:door_13:door_15:floor_5:flower stand_29:flowerpot_30:flowerpot_31:rug_6:sconce_19:sconce_20:sconce_23:statue_27:wall electronics_24:wall_25:wall_26:wall_28:wall_34:window frame_36:window_35,,Unknown room,Kitchen
472,2197,00820-mL8ThkuaVTM,4,13,18,balustrade_109:ceiling_98:door frame_112:floor_102:folding chair_103:grill_108:lamp_115:patio chair_104:patio chair_105:rug_107:table_106:wall_100:wall_101:wall_99:window frame_111:window_110:window_113:window_114,,Unknown room,Living room
476,2209,00821-eF36g7L6Z9M,3,16,49,candle_351:ceiling lamp_354:ceiling lamp_355:ceiling lamp_356:ceiling lamp_357:ceiling lamp_369:ceiling lamp_370:ceiling lamp_371:ceiling lamp_372:ceiling_329:ceiling_368:chair_353:decoration_349:decoration_350:door frame_332:door frame_339:door frame_365:door frame_376:door knob_334:door knob_335:door knob_341:door knob_342:door_331:door_333:door_340:fire detector_373:floor_328:fur carpet_347:ottoman_352:picture_343:picture_344:picture_345:picture_346:table_348:unknown_367:unknown_375:wall_330:wall_336:wall_337:wall_338:wall_358:wall_359:wall_360:wall_361:wall_362:wall_363:wall_364:wall_366:wall_374,,Unknown room,Living room
481,2241,00823-7MXmsvcQjpJ,21,44,124,appliance_1616:appliance_1619:appliance_1620:appliance_1627:appliance_1647:bag_1545:bag_1548:bag_1549:bag_1550:bag_1551:bag_1558:bag_1560:bag_1593:bag_1614:basket of something_1539:basket_1547:basket_1552:basket_1594:blanket_1630:blanket_1635:board_1638:bottle of detergent_1585:bottle of detergent_1586:bottle_1605:bottle_1606:bottle_1607:box_1556:box_1557:box_1573:box_1574:box_1601:box_1603:box_1604:box_1612:box_1613:box_1617:box_1618:box_1628:box_1633:box_1634:box_1636:box_1645:broom_1610:broom_1611:bucket_1598:bucket_1599:bucket_1608:cabinet_1572:cabinet_1600:can of paint_1587:can of paint_1588:can of paint_1589:can of paint_1590:can of paint_1591:can_1575:can_1576:can_1577:can_1578:can_1579:can_1580:can_1581:can_1582:can_1583:can_1584:cardboard box_1631:case_1646:ceiling_1529:cover_1566:cover_1595:decoration_1541:decoration_1542:decoration_1543:door_1536:door_1537:drawer_1602:drawer_1632:duct_1639:floor_1528:flowerpot_1554:flowerpot_1555:frame_1625:glass_1563:glass_1564:glass_1651:gravel_1650:hook_1648:hook_1649:jar_1621:jar_1622:jar_1623:jar_1624:pipe_1538:platform_1546:platform_1561:platform_1592:platform_1597:pot_1565:rack_1609:rug_1626:shelf_1562:shelf_1570:shelf_1571:shelf_1629:support_1637:table_1544:tool box_1615:tool_1553:tool_1559:wall panel_1640:wall panel_1641:wall panel_1642:wall panel_1643:wall panel_1644:wall_1530:wall_1531:wall_1532:wall_1533:wall_1534:wall_1535:window frame_1596:wine rack_1567:wine rack_1568:wine rack_1569:wood_1540,,Unknown room,Kitchen
482,2242,00823-7MXmsvcQjpJ,22,12,38,bag_1660:bag_1663:bag_1667:bag_1670:ball_1661:beam_1671:beam_1672:beam_1673:beam_1674:beam_1686:bench_1688:box_1664:box_1665:box_1666:box_1668:box_1669:box_1690:box_1692:cabinet_1659:cabinet_1662:ceiling window_1689:door frame_1675:door frame_1681:door frame_1682:door frame_1683:door frame_1684:door frame_1685:floor_1656:tool_1693:wall_1657:wall_1658:wall_1691:window_1676:window_1677:window_1678:window_1679:window_1680:window_1687,,Unknown room,Kitchen
486,2273,00831-yr17PDCnDDW,5,8,13,brochure_151:chair_155:floor_150:plant_152:table_162:tv_153:unknown_160:wall_154:wall_156:wall_157:wall_158:wall_159:wall_161,,Unknown room,Living room
487,2278,00831-yr17PDCnDDW,10,17,44,bin_506:board_493:board_501:ceiling_513:ceiling_532:chair_515:chair_517:chair_518:chair_519:chair_520:chair_521:chair_522:chair_523:chair_524:chair_525:chair_526:chair_527:floor_514:lamp_597:lamp_598:lamp_599:lamp_600:plant_495:plant_503:plant_509:pot_496:pot_497:projector screen_500:projector_494:shelf_507:shelf_508:stand_502:stand_505:table_516:unknown_498:vase_504:vase_510:wall_499:wall_512:wall_528:wall_529:wall_530:wall_531:window curtain_511,,Unknown room,Living room
502,2347,00844-q5QZSEeHe5g,5,19,39,attic hatch_300:bench_307:board_320:ceiling_301:decor_310:decor_311:decor_312:decor_313:decor_314:decor_319:decor_336:door frame_304:door frame_308:door_305:dried flowers_315:dried flowers_318:floor_325:lamp_298:picture_309:picture_317:pillow_306:pillow_321:pillow_322:scale_323:shelf_316:smoke detector_302:table_324:unknown_303:ventilation_299:wall_326:wall_327:wall_328:wall_329:wall_330:wall_331:wall_332:wall_333:wall_334:wall_335,,Unknown room,Living room
503,2349,00844-q5QZSEeHe5g,7,36,86,basket_417:basket_437:basket_438:bench_413:blanket_407:book_430:brush_416:bucket_415:cabinet_422:ceiling_392:cloth_432:cloth_433:decor_396:door frame_459:door_460:doormat_477:fan_393:floor_442:ladder_418:lamp_394:lamp_405:lamp_428:lamp_429:pen_476:photo_425:photo_426:photo_427:pillow_399:pillow_400:pillow_402:pillow_403:pillow_408:pillow_409:pillow_410:pillow_411:pillow_412:plant_423:plant_473:plate_431:radio_458:rocking chair_401:rocking chair_404:rug_424:shade_451:shade_452:shade_453:shade_455:shade_456:shade_457:shade_461:shade_464:shade_467:shade_469:shade_470:shade_471:shade_472:shelving_440:sign_395:stool_414:table_406:table_434:tap_474:tap_475:tv_419:unknown_420:unknown_421:unknown_439:wall_441:wall_445:wall_447:wall_448:wall_449:window frame_397:window frame_435:window frame_443:window frame_446:window frame_450:window frame_462:window frame_465:window_398:window_436:window_444:window_454:window_463:window_466:window_468,,Unknown room,Living room
516,2417,00861-GLAQ4DNUx5U,3,18,40,backpack_85:backpack_86:backpack_87:book_72:cardboard box_59:case_84:ceiling_54:clothes rack_71:clothes_68:clothes_70:clutter_64:clutter_66:clutter_80:clutter_81:clutter_82:clutter_91:door_53:floor_58:hanger_67:hat_90:lamp_55:lamp_56:shelf with clutter_83:shoe_60:shoe_61:shoe_62:shoe_63:shoe_76:storage cabinet_92:unknown_69:unknown_75:unknown_77:unknown_78:unknown_79:unknown_88:unknown_89:wall_57:wall_65:wall_73:wall_74,,Unknown room,Rec room
518,2419,00861-GLAQ4DNUx5U,5,19,41,bag_113:bag_117:bag_142:basket of something_131:blanket_133:cardboard box_112:case_115:ceiling_103:clothes_122:clutter_116:clutter_119:clutter_127:clutter_130:floor_111:lamp_104:lamp_105:lamp_106:pillow_134:pillow_135:pillow_136:pillow_137:pillow_138:pillow_139:pillow_140:storage cabinet_123:storage cabinet_143:toy_124:toy_126:unknown_114:unknown_118:unknown_120:unknown_121:unknown_125:unknown_132:vacuum cleaner_141:vase_128:vase_129:wall_107:wall_110:window frame_108:window_109,,Unknown room,Rec room
526,2453,00862-LT9Jq6dN3Ea,15,18,48,appliance_540:appliance_541:appliance_561:basket_550:basket_551:basket_552:basket_553:cabinet_549:cabinet_559:ceiling lamp_539:ceiling lamp_542:ceiling lamp_543:ceiling lamp_544:ceiling lamp_545:ceiling_516:door frame_527:door frame_537:door frame_546:door_528:door_536:door_547:fire alarm_538:floor_514:flowerpot_548:flowerpot_560:hat_531:painting_526:picture_534:picture_535:pillow_554:pillow_555:pillow_556:pillow_557:pillow_558:rug_515:wall_517:wall_518:wall_519:wall_520:wall_521:wall_522:wall_523:wall_524:wall_525:window frame_529:window frame_532:window_530:window_533,,Unknown room,Living room
530,2461,00862-LT9Jq6dN3Ea,23,15,24,appliance_749:basket of something_748:basket_746:basket_747:cabinet_738:cabinet_741:cabinet_742:cabinet_745:ceiling lamp_733:ceiling_732:door_731:floor_730:flowerpot_740:laundry machine_743:laundry machine_744:picture_734:picture_735:sink_739:wall_726:wall_727:wall_728:wall_729:window frame_736:window_737,,Unknown room,Kitchen
544,2500,00871-VBzV5z6i1WS,13,10,28,bag_763:bag_764:bag_765:basket_766:cardboard box_756:cardboard box_757:cardboard box_758:cardboard box_761:ceiling_750:clothes_755:clothes_767:clothes_768:clothes_769:clothes_770:clothes_771:clothes_772:door_752:floor_754:shelf_773:unknown_759:unknown_760:unknown_777:wall_751:wall_753:wall_762:wall_774:wall_775:wall_776,,Unknown room,Bedroom
545,2502,00871-VBzV5z6i1WS,15,13,31,box_841:cabinet_842:ceiling dome_819:ceiling_820:clothes_824:clothes_825:clothes_826:clothes_827:clothes_828:clothes_829:clothes_830:clothes_831:clothes_832:clothes_833:clothes_834:container_844:container_847:door_835:floor_839:lamp_818:shoe_843:shoe_845:shoe_846:shoe_848:unknown_838:unknown_840:ventilation_821:wall_822:wall_823:wall_836:wall_837,,Unknown room,Bedroom
547,2506,00873-bxsVRursffK,4,13,46,book_125:book_126:book_127:book_128:book_129:book_130:book_131:book_132:box_134:ceiling_112:ceiling_118:ceiling_119:ceiling_120:ceiling_121:ceiling_122:door frame_140:door_141:floor_145:handrail_142:handrail_143:handrail_144:painting_113:painting_114:painting_115:painting_116:shelf_123:shelf_124:smoke detector_117:stool_135:stool_136:table_133:wall_100:wall_101:wall_102:wall_103:wall_104:wall_105:wall_106:wall_107:wall_108:wall_109:wall_110:wall_111:wall_137:wall_138:wall_139,,Unknown room,Living room
549,2514,00876-mv2HUxq3B53,1,11,29,ceiling_17:ceiling_29:decoration_20:door frame_11:door frame_13:door_12:door_14:floor_1:lamp_18:lamp_26:lamp_27:lamp_28:table_19:vase_21:wall_10:wall_15:wall_16:wall_2:wall_3:wall_4:wall_5:wall_6:wall_7:wall_8:wall_9:window frame_22:window frame_24:window_23:window_25,,Unknown room,Living room
562,2580,00891-cvZr5TUy5C5,2,11,20,art frame_99:ceiling_105:chair_108:chair_109:chair_110:chair_111:chair_112:chair_113:curtain_102:curtain_103:door frame_106:floor_107:flower vase_115:painting_100:table_114:wall_101:wall_96:wall_97:wall_98:window_104,,Unknown room,Dining room
563,2589,00891-cvZr5TUy5C5,11,18,46,bag_437:basket_426:blanket_436:box_427:box_442:box_443:box_445:box_451:box_452:carpet_449:case_444:ceiling lamp_423:ceiling_422:cloth_438:cloth_446:cloth_447:cloth_448:clothes hanger_457:clothes hanger_458:clothes rack_456:clothes rack_459:clothes rack_460:clothes rack_461:clothes rack_462:clothes_432:clothes_433:clothes_453:clothes_454:door_424:floor_425:hat_428:hat_429:hat_430:hat_431:pillow_434:pillow_435:shoe_439:shoe_440:shoe_441:shoe_450:wall_417:wall_418:wall_419:wall_420:wall_421:wall_455,,Unknown room,Rec room
