Global ID,Label,nyuId,nyuClass,nyu40id,nyu40class,eigen13id,eigen13class,Unnamed: 6,RIO27 Mapping,Unnamed: 8,RIO7 Mapping,#sum,#train,#test,#val
1,air conditioner,79.0,air conditioner,40,otherprop,7,Objects,26,object,0,-,32,32,3,0
2,apron,141.0,clothes,40,otherprop,7,Objects,14,clothes,0,-,4,4,0,0
3,aquarium,263.0,vessel,40,otherprop,7,Objects,26,object,0,-,4,4,0,0
4,armchair,5.0,chair,5,chair,4,Chair,5,chair,1,seating,375,332,38,43
5,armoire,772.0,wardrobe,3,cabinet,6,Furniture,3,cabinet,0,-,5,0,0,5
6,armor,141.0,clothes,40,otherprop,7,Objects,14,clothes,0,-,4,4,0,0
7,audio system,54.0,speaker,40,otherprop,7,Objects,26,object,0,-,2,2,0,0
8,baby bed,485.0,crib,39,otherfurniture,6,Furniture,0,-,0,-,8,8,0,0
9,baby changing table,19.0,table,7,table,10,Table,7,table,0,-,2,2,0,0
10,baby changing unit,19.0,table,39,otherfurniture,6,Furniture,7,table,0,-,8,8,0,0
11,baby gym,524.0,furniture,39,otherfurniture,6,Furniture,0,-,0,-,2,2,0,0
12,baby seat,494.0,baby chair,5,chair,4,Chair,5,chair,0,-,3,3,0,0
13,baby toys,389.0,toy,40,otherprop,7,Objects,26,object,0,-,4,4,0,0
14,backpack,206.0,backpack,40,otherprop,7,Objects,26,object,6,items,110,106,22,4
15,bag,55.0,bag,37,bag,7,Objects,26,object,6,items,458,422,62,36
16,balcony,,,40,otherprop,7,Objects,0,-,0,-,4,4,0,0
17,balcony door,28.0,door,8,door,0,-,8,door,0,-,12,12,0,0
18,ball,60.0,ball,40,otherprop,7,Objects,0,-,6,items,18,14,9,4
19,bar,51.0,bar,38,otherstructure,0,-,10,counter,0,-,30,27,0,3
20,bar stool,150.0,stool,5,chair,4,Chair,5,chair,0,-,14,14,0,0
21,barrel,343.0,barrel,40,otherprop,7,Objects,0,-,0,-,11,11,0,0
22,barstool,150.0,stool,40,otherprop,7,Objects,5,chair,0,-,7,7,0,0
23,basin,24.0,sink,40,otherprop,7,Objects,0,-,0,-,9,6,0,3
24,basket,39.0,basket,40,otherprop,7,Objects,20,box,0,-,237,227,8,10
25,bath cabinet,3.0,cabinet,3,cabinet,6,Furniture,3,cabinet,2,table / cabinet,156,132,9,24
26,bath counter,7.0,counter,12,counter,6,Furniture,10,counter,0,-,3,3,0,0
27,bath rack,42.0,shelves,15,shelves,6,Furniture,11,shelf,0,-,2,2,0,0
28,bath robe,141.0,clothes,40,otherprop,7,Objects,0,-,0,-,6,6,0,0
29,bathrobe,141.0,clothes,40,otherprop,7,Objects,0,-,0,-,2,2,0,0
30,bathroom items,317.0,utensils,40,otherprop,7,Objects,0,-,0,-,0,0,5,0
31,bathtub,136.0,bathtub,36,bathtub,6,Furniture,25,bathtub,0,-,58,54,5,4
32,bbq,700.0,grill,40,otherprop,7,Objects,0,-,0,-,2,2,0,0
33,beam,,,38,otherstructure,0,-,0,-,0,-,3,3,0,0
34,bean bag,797.0,bean bag,39,otherfurniture,6,Furniture,26,object,5,cushions,10,10,6,0
35,beanbag,797.0,bean bag,39,otherfurniture,6,Furniture,26,object,0,-,30,30,0,0
36,beautician,121.0,makeup brush,40,otherprop,7,Objects,0,-,0,-,1,1,2,0
37,bed,157.0,bed,4,bed,1,Bed,4,bed,3,bed / sofa,232,226,44,6
38,bed table,19.0,table,7,table,10,Table,7,table,2,table / cabinet,1,1,2,0
39,bedside table,158.0,night stand,7,table,10,Table,7,table,2,table / cabinet,36,32,13,4
40,bench,204.0,bench,39,otherfurniture,6,Furniture,5,chair,1,seating,203,185,30,18
41,beverage crate,183.0,crate,29,box,7,Objects,20,box,0,-,39,39,0,0
42,bicycle,189.0,bicycle,40,otherprop,7,Objects,0,-,6,items,10,10,135,0
43,bidet,124.0,toilet,40,otherprop,7,Objects,0,-,4,appliances,11,9,0,2
44,bike,189.0,bicycle,40,otherprop,7,Objects,0,-,0,-,4,4,0,0
45,bin,307.0,bin,40,otherprop,7,Objects,26,object,6,items,57,55,10,2
46,blackboard,225.0,blackboard,38,otherstructure,0,-,1,wall,0,-,27,27,0,0
47,blanket,312.0,blanket,40,otherprop,7,Objects,27,blanket,6,items,322,278,14,44
48,blinds,80.0,blinds,13,blinds,7,Objects,9,window,0,-,152,148,17,4
49,board,408.0,board,38,otherstructure,0,-,26,object,0,-,28,23,5,5
50,body loofah,250.0,sponge,40,otherprop,7,Objects,0,-,0,-,3,3,0,0
51,boiler,588.0,water heater,40,otherprop,7,Objects,0,-,0,-,4,4,0,0
52,book,1.0,book,23,books,2,Books,0,-,0,-,56,41,5,15
53,books,85.0,books,23,books,2,Books,0,-,0,-,30,25,3,5
54,bookshelf,88.0,bookshelf,10,bookshelf,6,Furniture,11,shelf,0,-,37,30,9,7
55,boots,149.0,shoe,40,otherprop,7,Objects,0,-,0,-,13,13,0,0
56,bottle,2.0,bottle,40,otherprop,7,Objects,0,-,0,-,61,57,0,4
57,bottles,2.0,bottle,40,otherprop,7,Objects,0,-,0,-,12,12,0,0
58,bowl,22.0,bowl,40,otherprop,7,Objects,26,object,0,-,46,46,2,0
59,box,26.0,box,29,box,7,Objects,20,box,6,items,1511,1403,203,108
60,boxes,26.0,box,29,box,7,Objects,20,box,6,items,51,50,9,1
61,bread,246.0,bread,40,otherprop,7,Objects,0,-,0,-,7,6,0,1
62,breadboard,408.0,board,40,otherprop,7,Objects,0,-,0,-,7,7,0,0
63,brochure,69.0,folder,40,otherprop,7,Objects,0,-,0,-,3,3,0,0
64,brush,120.0,hair brush,40,otherprop,7,Objects,0,-,0,-,1,1,0,0
65,bucket,427.0,bucket,40,otherprop,7,Objects,20,box,0,-,141,134,3,7
66,buggy,530.0,car,40,otherprop,7,Objects,0,-,0,-,3,3,0,0
67,bulletin board,408.0,board,40,otherprop,7,Objects,0,-,0,-,3,3,0,0
68,cabinet,3.0,cabinet,3,cabinet,6,Furniture,3,cabinet,2,table / cabinet,609,481,64,128
69,cable,92.0,wire,40,otherprop,7,Objects,0,-,0,-,4,4,0,0
70,cable rack,104.0,cable rack,15,shelves,6,Furniture,0,-,0,-,0,0,8,0
71,calendar,583.0,calendar,40,otherprop,7,Objects,0,-,0,-,2,2,0,0
72,can,329.0,can,40,otherprop,7,Objects,0,-,0,-,4,4,0,0
73,candle,137.0,candle,40,otherprop,7,Objects,0,-,0,-,40,40,9,0
74,candles,137.0,candle,40,otherprop,7,Objects,0,-,0,-,1,0,0,1
75,candlestick,148.0,candlestick,40,otherprop,7,Objects,0,-,0,-,4,4,0,0
76,canopy,835.0,tent,40,otherprop,7,Objects,0,-,0,-,2,2,2,0
77,cap,193.0,hat,40,otherprop,7,Objects,0,-,0,-,6,0,0,6
78,carpet,130.0,rug,40,otherprop,7,Objects,2,floor,0,-,39,32,1,7
79,carriage,530.0,car,40,otherprop,7,Objects,0,-,0,-,3,3,0,0
80,cart,305.0,cart,40,otherprop,7,Objects,26,object,2,table / cabinet,2,0,5,2
81,case,851.0,case,40,otherprop,7,Objects,0,-,0,-,3,3,0,0
82,ceiling,4.0,ceiling,22,ceiling,3,Ceiling,15,ceiling,0,-,1246,1082,141,164
83,ceiling /other room,4.0,ceiling,22,ceiling,3,Ceiling,15,ceiling,0,-,1,0,0,1
84,ceiling light,62.0,light,35,lamp,7,Objects,24,lamp,0,-,12,12,0,0
85,chair,5.0,chair,5,chair,4,Chair,5,chair,1,seating,2169,1975,456,194
86,chairs,43.0,stacked chairs,5,chair,4,Chair,5,chair,0,-,8,8,0,0
87,chandelier,342.0,chandelier,35,lamp,0,-,24,lamp,0,-,12,9,0,3
88,changing table,19.0,table,7,table,10,Table,7,table,0,-,3,3,0,0
89,chest,344.0,chest,39,otherfurniture,6,Furniture,0,-,6,items,4,0,0,4
90,child chair,494.0,baby chair,5,chair,4,Chair,5,chair,1,seating,0,0,3,0
91,child clothes,141.0,clothes,21,clothes,7,Objects,14,clothes,0,-,4,4,0,0
92,children's table,19.0,table,7,table,10,Table,7,table,0,-,4,4,0,0
93,cleaning agent,548.0,cleaner,40,otherprop,7,Objects,0,-,0,-,3,3,0,0
94,cleaning brush,248.0,dish brush,40,otherprop,7,Objects,0,-,0,-,1,1,0,0
95,cleanser,665.0,face wash cream,40,otherprop,7,Objects,0,-,0,-,9,3,0,6
96,clock,56.0,clock,40,otherprop,7,Objects,0,-,0,-,58,38,7,20
97,closet,3.0,cabinet,39,otherfurniture,6,Furniture,3,cabinet,0,-,25,23,0,2
98,closet door,28.0,door,8,door,0,-,8,door,0,-,2,2,0,0
99,cloth,141.0,clothes,40,otherprop,7,Objects,14,clothes,0,-,2,2,0,0
100,clothes,141.0,clothes,21,clothes,7,Objects,14,clothes,0,-,380,359,51,21
101,clothes dryer,498.0,clothing dryer,40,otherprop,7,Objects,0,-,0,-,70,68,4,2
102,clothes rack,556.0,clothing drying rack,15,shelves,6,Furniture,0,-,0,-,2,2,0,0
103,clutter,,,40,otherprop,7,Objects,0,-,6,items,153,121,34,32
104,coat,324.0,jacket,40,otherprop,7,Objects,14,clothes,0,-,12,12,0,0
105,coffee,621.0,plastic cup of coffee,40,otherprop,7,Objects,0,-,0,-,1,1,0,0
106,coffee machine,234.0,coffee machine,40,otherprop,7,Objects,26,object,0,-,28,25,1,3
107,coffee maker,234.0,coffee machine,40,otherprop,7,Objects,26,object,0,-,14,14,0,0
108,coffee table,356.0,coffee table,7,table,10,Table,7,table,2,table / cabinet,169,141,21,28
109,column,94.0,column,38,otherstructure,0,-,0,-,0,-,19,17,7,2
110,commode,124.0,toilet,3,cabinet,6,Furniture,3,cabinet,2,table / cabinet,269,238,50,31
111,computer,46.0,computer,40,otherprop,7,Objects,26,object,0,-,12,12,1,0
112,computer desk,36.0,desk,14,desk,10,Table,7,table,2,table / cabinet,12,7,0,5
113,console,518.0,console system,40,otherprop,7,Objects,0,-,0,-,5,5,0,0
114,container,140.0,container,40,otherprop,7,Objects,20,box,6,items,28,0,0,28
115,cooking pot,16.0,pot,40,otherprop,7,Objects,0,-,0,-,3,1,0,2
116,corner bench,204.0,bench,39,otherfurniture,6,Furniture,5,chair,1,seating,0,0,3,0
117,cosmetics kit,121.0,makeup brush,40,otherprop,7,Objects,0,-,0,-,0,0,1,0
118,couch,83.0,sofa,6,sofa,9,Sofa,6,sofa,3,bed / sofa,117,80,9,37
119,couch table,19.0,table,7,table,10,Table,7,table,2,table / cabinet,66,50,18,16
120,counter,7.0,counter,12,counter,6,Furniture,10,counter,0,-,108,95,16,13
121,cover,312.0,blanket,40,otherprop,7,Objects,0,-,0,-,3,3,0,0
122,cradle,493.0,cradle,39,otherfurniture,6,Furniture,0,-,0,-,4,4,0,0
123,crate,183.0,crate,39,otherfurniture,6,Furniture,0,-,0,-,4,4,0,0
124,crib,485.0,crib,39,otherfurniture,6,Furniture,0,-,0,-,9,9,0,0
125,cube,423.0,toy cube,40,otherprop,7,Objects,0,-,0,-,22,22,0,0
126,cup,35.0,cup,40,otherprop,7,Objects,0,-,0,-,9,6,0,3
127,cupboard,3.0,cabinet,3,cabinet,6,Furniture,11,shelf,2,table / cabinet,60,51,4,9
128,cups,35.0,cup,40,otherprop,7,Objects,0,-,0,-,3,3,0,0
129,curtain,89.0,curtain,16,curtain,7,Objects,12,curtain,0,-,775,660,81,115
130,curtain rail,582.0,curtain rod,16,curtain,7,Objects,12,curtain,0,-,8,8,0,0
131,cushion,119.0,pillow,18,pillow,7,Objects,13,pillow,5,cushions,262,199,46,63
132,cushions stack,119.0,pillow,18,pillow,7,Objects,13,pillow,0,-,0,0,7,0
133,cut board,408.0,board,40,otherprop,7,Objects,0,-,0,-,10,10,0,0
134,cutting board,247.0,cutting board,40,otherprop,7,Objects,26,object,6,items,34,26,4,8
135,cycling trainer,457.0,excercise equipment,40,otherprop,7,Objects,0,-,0,-,4,4,0,0
136,darts,389.0,toy,40,otherprop,7,Objects,0,-,0,-,4,4,0,0
137,decoration,842.0,decoration item,40,otherprop,7,Objects,0,-,0,-,131,96,5,35
138,desk,36.0,desk,14,desk,10,Table,7,table,2,table / cabinet,263,244,48,19
139,desk chair,5.0,chair,5,chair,4,Chair,5,chair,0,-,50,50,0,0
140,device,,,40,otherprop,7,Objects,0,-,6,items,28,28,6,0
141,diapers,141.0,clothes,40,otherprop,7,Objects,0,-,0,-,4,4,0,0
142,dining chair,5.0,chair,5,chair,4,Chair,5,chair,1,seating,65,55,0,10
143,dining set,753.0,kitchen utensils,40,otherprop,7,Objects,0,-,0,-,2,2,0,0
144,dining table,19.0,table,7,table,10,Table,7,table,2,table / cabinet,45,39,2,6
145,discs,207.0,cd,40,otherprop,7,Objects,0,-,0,-,2,2,0,0
146,dish,733.0,dishes,40,otherprop,7,Objects,0,-,0,-,9,9,0,0
147,dish dryer,581.0,dish rack,40,otherprop,7,Objects,0,-,0,-,12,12,0,0
148,dishdrainer,581.0,dish rack,40,otherprop,7,Objects,0,-,0,-,4,4,0,0
149,dishes,733.0,dishes,40,otherprop,7,Objects,0,-,0,-,4,4,0,0
150,dishwasher,8.0,dishwasher,38,otherstructure,0,-,0,-,0,-,9,9,0,0
151,dispenser,505.0,hand sanitizer dispenser,40,otherprop,7,Objects,0,-,0,-,7,7,0,0
152,documents,75.0,file,26,paper,7,Objects,0,-,0,-,8,8,0,0
153,dog,701.0,dog,40,otherprop,7,Objects,0,-,0,-,1,0,0,1
154,doll,99.0,doll,40,otherprop,7,Objects,0,-,0,-,3,3,0,0
155,door,28.0,door,8,door,0,-,8,door,7,structure,880,770,97,110
156,door /other room,28.0,door,8,door,0,-,8,door,0,-,4,4,0,0
157,door mat,143.0,floor mat,20,floor mat,7,Objects,2,floor,0,-,1,1,0,0
158,doorframe,615.0,door frame,38,otherstructure,0,-,8,door,0,-,388,332,33,56
159,doorframe /other room,615.0,door frame,38,otherstructure,0,-,8,door,0,-,1,1,0,0
160,drain pipe,41.0,pipe,38,otherstructure,0,-,0,-,0,-,2,2,0,0
161,drawer,174.0,drawer,39,otherfurniture,6,Furniture,3,cabinet,2,table / cabinet,38,33,9,5
162,drawers,174.0,drawer,17,dresser,6,Furniture,3,cabinet,0,-,11,11,0,0
163,drawers rack,174.0,drawer,39,otherfurniture,6,Furniture,0,-,0,-,4,4,0,0
164,dress,141.0,clothes,40,otherprop,7,Objects,14,clothes,0,-,4,4,2,0
165,dresser,169.0,dresser,17,dresser,6,Furniture,3,cabinet,0,-,5,5,0,0
166,dressing table,19.0,table,7,table,10,Table,7,table,0,-,5,5,0,0
167,drinks,2.0,bottle,40,otherprop,7,Objects,0,-,0,-,2,2,0,0
168,drum,145.0,drum,40,otherprop,7,Objects,0,-,6,items,7,2,0,5
169,drying machine,498.0,clothing dryer,40,otherprop,7,Objects,0,-,4,appliances,22,13,0,9
170,drying rack,556.0,clothing drying rack,40,otherprop,7,Objects,0,-,0,-,8,8,1,0
171,dumbbells,457.0,excercise equipment,40,otherprop,7,Objects,0,-,0,-,5,5,0,0
172,elevator,,,38,otherstructure,0,-,0,-,0,-,4,4,0,0
173,elliptical trainer,558.0,excercise machine,40,otherprop,7,Objects,0,-,0,-,3,3,0,0
174,exhaust hood,380.0,range hood,40,otherprop,7,Objects,0,-,0,-,14,14,0,0
175,exit sign,86.0,exit sign,40,otherprop,7,Objects,0,-,0,-,1,1,2,0
176,extractor fan,,,40,otherprop,7,Objects,0,-,0,-,10,7,0,3
177,fabric,141.0,clothes,40,otherprop,7,Objects,14,clothes,0,-,0,0,2,0
178,fan,74.0,fan,40,otherprop,7,Objects,0,-,0,-,9,7,3,2
179,fence,,,38,otherstructure,0,-,0,-,0,-,3,1,0,2
180,festoon,459.0,ornamental plant,40,otherprop,7,Objects,0,-,0,-,4,4,0,0
181,figure,294.0,sculpture,40,otherprop,7,Objects,0,-,0,-,4,4,0,0
182,file cabinet,3.0,cabinet,3,cabinet,6,Furniture,3,cabinet,0,-,12,12,13,0
183,fire extinguisher,10.0,fire extinguisher,40,otherprop,7,Objects,26,object,0,-,6,6,0,0
184,fireplace,372.0,fireplace,38,otherstructure,0,-,0,-,0,-,31,18,2,13
185,firewood box,26.0,box,29,box,7,Objects,20,box,0,-,5,0,0,5
186,flag,405.0,flag,40,otherprop,7,Objects,0,-,0,-,3,3,0,0
187,flipchart,393.0,chart stand,40,otherprop,7,Objects,0,-,0,-,1,1,0,0
188,floor,11.0,floor,2,floor,5,Floor,2,floor,0,-,1341,1182,150,159
189,floor /other room,11.0,floor,2,floor,5,Floor,2,floor,0,-,16,13,1,3
190,floor lamp,144.0,lamp,35,lamp,7,Objects,0,-,6,items,11,11,6,0
191,floor mat,143.0,floor mat,20,floor mat,7,Objects,2,floor,0,-,0,0,1,0
192,flower,81.0,flower,40,otherprop,7,Objects,19,plant,0,-,45,36,4,9
193,flowers,81.0,flower,40,otherprop,7,Objects,19,plant,6,items,35,26,2,9
194,flush,124.0,toilet,40,otherprop,7,Objects,0,-,0,-,14,14,0,0
195,folded beach chairs,5.0,chair,5,chair,4,Chair,5,chair,0,-,5,5,0,0
196,folder,69.0,folder,40,otherprop,7,Objects,0,-,0,-,16,9,0,7
197,folding chair,5.0,chair,5,chair,4,Chair,5,chair,0,-,3,3,0,0
198,food,280.0,can of food,40,otherprop,7,Objects,0,-,0,-,15,10,0,5
199,foosball table,510.0,foosball table,40,otherprop,7,Objects,7,table,0,-,14,14,0,0
200,footstool,359.0,ottoman,39,otherfurniture,6,Furniture,5,chair,1,seating,6,4,2,2
201,frame,615.0,door frame,38,otherstructure,0,-,0,-,0,-,106,84,15,22
202,fridge,17.0,refridgerator,24,refridgerator,6,Furniture,16,fridge,0,-,4,0,0,4
203,fruit,286.0,fruit,40,otherprop,7,Objects,0,-,0,-,3,3,0,0
204,fruit plate,682.0,fruitplate,40,otherprop,7,Objects,0,-,0,-,4,1,0,3
205,fruits,286.0,fruit,40,otherprop,7,Objects,0,-,0,-,11,11,0,0
206,furniture,524.0,furniture,39,otherfurniture,6,Furniture,0,-,0,-,13,13,0,0
207,garbage,12.0,garbage bin,40,otherprop,7,Objects,26,object,6,items,41,37,9,4
208,garbage bin,12.0,garbage bin,40,otherprop,7,Objects,26,object,6,items,28,22,3,6
209,garden umbrella,203.0,umbrella,40,otherprop,7,Objects,0,-,0,-,2,2,0,0
210,generator,,,40,otherprop,7,Objects,0,-,0,-,3,3,0,0
211,glass,612.0,glass,38,otherstructure,0,-,0,-,0,-,2,0,0,2
212,glass wall,21.0,wall,1,wall,12,Wall,1,wall,0,-,6,6,0,0
213,grass,82.0,plant,38,otherstructure,0,-,19,plant,0,-,5,3,0,2
214,guitar,300.0,guitar,40,otherprop,7,Objects,26,object,0,-,14,14,0,0
215,gymnastic ball,155.0,excercise ball,40,otherprop,7,Objects,0,-,1,seating,3,0,0,3
216,hair dryer,577.0,hair dryer,40,otherprop,7,Objects,0,-,0,-,1,1,2,0
217,hand brush,120.0,hair brush,40,otherprop,7,Objects,0,-,0,-,4,4,0,0
218,hand dryer,,,40,otherprop,7,Objects,0,-,0,-,21,15,2,6
219,hand washer,440.0,wall hand sanitizer dispenser,40,otherprop,7,Objects,0,-,0,-,5,5,0,0
220,handbag,55.0,bag,40,otherprop,7,Objects,0,-,0,-,6,6,0,0
221,handhold,497.0,railing,40,otherprop,7,Objects,0,-,0,-,0,0,7,0
222,handle,758.0,handle,40,otherprop,7,Objects,0,-,0,-,0,0,2,0
223,handrail,453.0,banister,38,otherstructure,0,-,0,-,0,-,3,3,0,0
224,hanger,211.0,hanger,40,otherprop,7,Objects,0,-,0,-,19,19,4,0
225,hangers,209.0,hangers,40,otherprop,7,Objects,0,-,0,-,2,2,0,0
226,hanging cabinet,3.0,cabinet,3,cabinet,6,Furniture,3,cabinet,0,-,12,12,0,0
227,headboard,161.0,headboard,39,otherfurniture,6,Furniture,0,-,0,-,0,0,2,0
228,heater,111.0,heater,39,otherfurniture,6,Furniture,26,object,0,-,319,281,47,38
229,helmet,337.0,bicycle helmet,40,otherprop,7,Objects,0,-,0,-,3,3,0,0
230,hood,380.0,range hood,40,otherprop,7,Objects,0,-,0,-,4,0,0,4
231,humidifier,340.0,humidifier,40,otherprop,7,Objects,0,-,0,-,12,12,0,0
232,hygiene products,133.0,soap,40,otherprop,7,Objects,0,-,0,-,3,3,0,0
233,instrument,,,40,otherprop,7,Objects,0,-,0,-,2,2,0,0
234,iron,572.0,clothing iron,40,otherprop,7,Objects,0,-,0,-,4,4,1,0
235,ironing board,313.0,ironing board,40,otherprop,7,Objects,26,object,0,-,21,21,1,0
236,item,,,40,otherprop,7,Objects,26,object,6,items,804,715,87,89
237,items,,,40,otherprop,7,Objects,26,object,0,-,35,35,0,0
238,jacket,324.0,jacket,40,otherprop,7,Objects,14,clothes,0,-,3,1,1,2
239,jalousie,80.0,blinds,13,blinds,7,Objects,9,window,0,-,17,17,0,0
240,jar,70.0,jar,40,otherprop,7,Objects,0,-,0,-,22,15,2,7
241,jug,687.0,jug,40,otherprop,7,Objects,0,-,0,-,2,2,0,0
242,juicer,746.0,juicer,40,otherprop,7,Objects,0,-,0,-,3,3,0,0
243,kettle,16.0,pot,40,otherprop,7,Objects,26,object,6,items,50,42,0,8
244,keyboard,47.0,keyboard,40,otherprop,7,Objects,26,object,0,-,30,23,5,7
245,kids bicycle,189.0,bicycle,40,otherprop,7,Objects,0,-,0,-,2,2,0,0
246,kids chair,494.0,baby chair,5,chair,4,Chair,5,chair,0,-,7,7,0,0
247,kids rocking chair,494.0,baby chair,5,chair,4,Chair,5,chair,0,-,3,3,0,0
248,kids stool,150.0,stool,5,chair,4,Chair,5,chair,0,-,4,4,0,0
249,kids table,19.0,table,7,table,10,Table,7,table,0,-,2,2,0,0
250,kitchen appliance,,,40,otherprop,7,Objects,0,-,0,-,94,83,3,11
251,kitchen cabinet,3.0,cabinet,3,cabinet,6,Furniture,3,cabinet,0,-,382,326,10,56
252,kitchen counter,7.0,counter,12,counter,6,Furniture,10,counter,0,-,143,125,3,18
253,kitchen hood,380.0,range hood,40,otherprop,7,Objects,0,-,0,-,14,8,1,6
254,kitchen item,753.0,kitchen utensils,40,otherprop,7,Objects,26,object,0,-,6,6,0,0
255,kitchen object,753.0,kitchen utensils,40,otherprop,7,Objects,26,object,6,items,3,0,0,3
256,kitchen playset,751.0,toy kitchen,40,otherprop,7,Objects,0,-,0,-,2,2,0,0
257,kitchen rack,241.0,spice rack,15,shelves,6,Furniture,11,shelf,0,-,9,9,0,0
258,kitchen sink,24.0,sink,34,sink,6,Furniture,23,sink,0,-,0,0,4,0
259,kitchen sofa,83.0,sofa,6,sofa,9,Sofa,6,sofa,0,-,3,0,0,3
260,kitchen towel,135.0,towel,27,towel,7,Objects,18,towel,0,-,36,35,4,1
261,knife box,258.0,knife rack,29,box,7,Objects,20,box,0,-,3,3,0,0
262,ladder,48.0,ladder,39,otherfurniture,6,Furniture,0,-,0,-,19,17,3,2
263,lamp,144.0,lamp,35,lamp,7,Objects,24,lamp,6,items,797,685,73,112
264,laptop,37.0,laptop,40,otherprop,7,Objects,26,object,6,items,59,56,4,3
265,laundry basket,164.0,laundry basket,40,otherprop,7,Objects,20,box,6,items,43,33,7,10
266,letter,15.0,paper,26,paper,7,Objects,0,-,0,-,8,8,0,0
267,light,144.0,lamp,38,otherstructure,0,-,24,lamp,0,-,396,359,60,37
268,linen,141.0,clothes,21,clothes,7,Objects,14,clothes,0,-,2,0,0,2
269,locker,3.0,cabinet,3,cabinet,6,Furniture,3,cabinet,0,-,12,12,0,0
270,lockers,3.0,cabinet,39,otherfurniture,6,Furniture,0,-,0,-,4,4,0,0
271,loft bed,157.0,bed,4,bed,1,Bed,4,bed,0,-,6,6,0,0
272,lounger,5.0,chair,5,chair,4,Chair,5,chair,0,-,1,1,0,0
273,luggage,783.0,luggage,40,otherprop,7,Objects,26,object,0,-,16,16,0,0
274,machine,220.0,machine,40,otherprop,7,Objects,26,object,0,-,11,8,2,3
275,magazine,71.0,magazine,40,otherprop,7,Objects,0,-,0,-,2,2,0,0
276,magazine files,71.0,magazine,40,otherprop,7,Objects,0,-,0,-,9,9,0,0
277,magazine rack,468.0,magazine holder,15,shelves,6,Furniture,11,shelf,0,-,4,2,0,2
278,magazine stand,468.0,magazine holder,39,otherfurniture,6,Furniture,0,-,0,-,2,2,0,0
279,mandarins,709.0,orange,40,otherprop,7,Objects,0,-,0,-,3,3,0,0
280,mannequin,294.0,sculpture,40,otherprop,7,Objects,0,-,0,-,4,4,0,0
281,mask,191.0,mask,40,otherprop,7,Objects,0,-,0,-,0,0,2,0
282,mattress,576.0,mattress,40,otherprop,7,Objects,4,bed,0,-,4,4,0,0
283,medical device,524.0,furniture,40,otherprop,7,Objects,0,-,0,-,2,2,0,0
284,menu,15.0,paper,40,otherprop,7,Objects,0,-,0,-,13,1,0,12
285,meter,639.0,scale,40,otherprop,7,Objects,0,-,0,-,5,5,0,0
286,microwave,13.0,microwave,40,otherprop,7,Objects,0,-,0,-,76,66,0,10
287,milk,2.0,bottle,40,otherprop,7,Objects,0,-,0,-,5,5,0,0
288,mirror,122.0,mirror,19,mirror,7,Objects,0,-,0,-,128,120,16,8
289,monitor,49.0,monitor,40,otherprop,7,Objects,26,object,0,-,260,244,69,16
290,mop,328.0,broom,40,otherprop,7,Objects,0,-,0,-,9,9,0,0
291,multicooker,330.0,crock pot,40,otherprop,7,Objects,0,-,0,-,5,5,0,0
292,napkins,244.0,napkin,40,otherprop,7,Objects,0,-,0,-,16,15,8,1
293,newspaper,873.0,newspapers,26,paper,7,Objects,0,-,0,-,2,2,0,0
294,newspaper rack,873.0,newspapers,15,shelves,6,Furniture,11,shelf,0,-,4,4,0,0
295,nightstand,158.0,night stand,32,night stand,6,Furniture,21,nightstand,2,table / cabinet,157,156,27,1
296,notebook,210.0,notebook,40,otherprop,7,Objects,26,object,0,-,6,6,0,0
297,notebooks,210.0,notebook,40,otherprop,7,Objects,0,-,0,-,2,2,0,0
298,object,,,40,otherprop,7,Objects,26,object,6,items,660,581,38,79
299,objects,,,40,otherprop,7,Objects,26,object,0,-,20,19,3,1
300,office chair,5.0,chair,5,chair,4,Chair,5,chair,0,-,14,14,0,0
301,office table,19.0,table,7,table,10,Table,7,table,0,-,13,13,0,0
302,organizer,,,40,otherprop,7,Objects,0,-,0,-,40,37,4,3
303,ottoman,359.0,ottoman,39,otherfurniture,6,Furniture,6,sofa,5,cushions,72,41,5,31
304,oven,238.0,oven,38,otherstructure,0,-,0,-,0,-,88,72,2,16
305,oven glove,754.0,oven mitt,40,otherprop,7,Objects,14,clothes,0,-,4,0,0,4
306,pack,26.0,box,40,otherprop,7,Objects,0,-,0,-,52,36,4,16
307,package,26.0,box,40,otherprop,7,Objects,0,-,0,-,3,3,0,0
308,packs,26.0,box,40,otherprop,7,Objects,0,-,0,-,3,3,0,0
309,painting,64.0,picture,11,picture,8,Picture,1,wall,0,-,7,7,3,0
310,pan,589.0,pan,40,otherprop,7,Objects,0,-,0,-,14,12,1,2
311,paper,15.0,paper,26,paper,7,Objects,0,-,0,-,10,10,0,0
312,paper cutter,108.0,paper cutter,40,otherprop,7,Objects,0,-,0,-,5,5,0,0
313,paper holder,470.0,paper holder,40,otherprop,7,Objects,0,-,0,-,2,2,0,0
314,paper sign,208.0,sign,26,paper,7,Objects,0,-,0,-,3,3,0,0
315,paper stack,483.0,papers,26,paper,7,Objects,0,-,0,-,10,10,3,0
316,paper towel,113.0,paper towel,40,otherprop,7,Objects,18,towel,0,-,24,21,0,3
317,paper towel dispenser,14.0,paper towel dispenser,40,otherprop,7,Objects,0,-,0,-,16,13,4,3
318,papers,483.0,papers,26,paper,7,Objects,0,-,0,-,8,6,0,2
319,partition,21.0,wall,1,wall,12,Wall,1,wall,0,-,23,23,0,0
320,pavement,11.0,floor,38,otherstructure,0,-,0,-,0,-,2,2,0,0
321,pc,46.0,computer,40,otherprop,7,Objects,26,object,0,-,100,95,17,5
322,pepper,885.0,pepper,40,otherprop,7,Objects,0,-,0,-,3,3,0,0
323,pet bed,157.0,bed,40,otherprop,7,Objects,13,pillow,5,cushions,5,5,4,0
324,photo frame,508.0,photo,11,picture,8,Picture,0,-,0,-,6,6,0,0
325,photos,508.0,photo,11,picture,8,Picture,0,-,0,-,2,2,0,0
326,piano,298.0,piano,39,otherfurniture,6,Furniture,0,-,0,-,8,8,0,0
327,picture,64.0,picture,11,picture,8,Picture,0,-,6,items,585,492,50,93
328,pictures,64.0,picture,11,picture,8,Picture,26,object,0,-,4,4,5,0
329,pile,,,40,otherprop,7,Objects,0,-,0,-,8,8,0,0
330,pile of books,85.0,books,40,otherprop,7,Objects,0,-,0,-,20,12,0,8
331,pile of bottles,2.0,bottle,40,otherprop,7,Objects,0,-,0,-,9,6,0,3
332,pile of candles,137.0,candle,40,otherprop,7,Objects,0,-,0,-,2,0,0,2
333,pile of folders,213.0,folders,26,paper,7,Objects,0,-,0,-,4,4,3,0
334,pile of papers,483.0,papers,26,paper,7,Objects,0,-,0,-,8,4,3,4
335,pile of pillows,119.0,pillow,18,pillow,7,Objects,13,pillow,0,-,4,4,0,0
336,pile of wires,92.0,wire,40,otherprop,7,Objects,0,-,0,-,1,1,0,0
337,pillar,94.0,column,38,otherstructure,0,-,0,-,0,-,59,59,10,0
338,pillow,119.0,pillow,18,pillow,7,Objects,13,pillow,5,cushions,1569,1362,198,207
339,pin board wall,34.0,cork board,40,otherprop,7,Objects,1,wall,0,-,4,4,0,0
340,pipe,41.0,pipe,40,otherprop,7,Objects,0,-,0,-,50,46,4,4
341,plank,698.0,wooden plank,38,otherstructure,0,-,0,-,0,-,85,85,0,0
342,plant,82.0,plant,40,otherprop,7,Objects,19,plant,6,items,993,833,74,160
343,planter,239.0,plant pot,40,otherprop,7,Objects,19,plant,0,-,3,3,0,0
344,plants,82.0,plant,40,otherprop,7,Objects,19,plant,0,-,8,8,0,0
345,plate,233.0,plate,40,otherprop,7,Objects,0,-,0,-,60,50,1,10
346,plates,233.0,plate,40,otherprop,7,Objects,0,-,0,-,6,6,0,0
347,platform,,,38,otherstructure,0,-,0,-,0,-,2,2,0,0
348,player,170.0,dvd player,40,otherprop,7,Objects,0,-,0,-,10,7,0,3
349,pocket,,,40,otherprop,7,Objects,0,-,0,-,3,3,0,0
350,podest,215.0,stairs,39,otherfurniture,6,Furniture,0,-,0,-,2,2,0,0
351,pooh,389.0,toy,40,otherprop,7,Objects,0,-,0,-,2,2,0,0
352,poster,406.0,poster board,11,picture,8,Picture,1,wall,0,-,6,6,3,0
353,pot,16.0,pot,40,otherprop,7,Objects,26,object,0,-,45,38,0,7
354,price tag,218.0,tag,40,otherprop,7,Objects,0,-,0,-,22,22,3,0
355,printer,66.0,printer,40,otherprop,7,Objects,26,object,0,-,55,42,0,13
356,projector,90.0,projector,40,otherprop,7,Objects,0,-,0,-,0,0,3,0
357,puf,359.0,ottoman,39,otherfurniture,6,Furniture,0,-,0,-,61,61,0,0
358,puppet,99.0,doll,40,otherprop,7,Objects,0,-,0,-,2,2,1,0
359,rack,50.0,stand,39,otherfurniture,6,Furniture,0,-,0,-,112,101,6,11
360,radiator,236.0,radiator,39,otherfurniture,6,Furniture,26,object,0,-,165,146,5,19
361,radio,188.0,radio,40,otherprop,7,Objects,0,-,0,-,4,4,0,0
362,rag,852.0,rags,27,towel,7,Objects,0,-,0,-,4,0,0,4
363,rail,497.0,railing,38,otherstructure,0,-,0,-,0,-,3,3,0,0
364,railing,497.0,railing,38,otherstructure,0,-,0,-,0,-,8,8,0,0
365,ramp,,,38,otherstructure,0,-,0,-,0,-,7,7,0,0
366,recycle bin,307.0,bin,40,otherprop,7,Objects,26,object,0,-,19,17,0,2
367,refrigerator,17.0,refridgerator,24,refridgerator,6,Furniture,16,fridge,4,appliances,79,73,6,6
368,rocking chair,5.0,chair,5,chair,4,Chair,5,chair,1,seating,5,3,0,2
369,roll,449.0,roll of paper towels,40,otherprop,7,Objects,0,-,0,-,48,48,0,0
370,rolled carpet,571.0,rolled carpet,20,floor mat,7,Objects,2,floor,0,-,11,11,0,0
371,rolling cart,305.0,cart,40,otherprop,7,Objects,26,object,0,-,4,4,0,0
372,rolling pin,267.0,utensil,40,otherprop,7,Objects,0,-,0,-,5,5,0,0
373,roof,4.0,ceiling,22,ceiling,3,Ceiling,15,ceiling,0,-,1,1,0,0
374,round table,19.0,table,7,table,10,Table,7,table,2,table / cabinet,11,5,0,6
375,rowing machine,457.0,excercise equipment,40,otherprop,7,Objects,0,-,0,-,4,4,0,0
376,rubbish bin,12.0,garbage bin,40,otherprop,7,Objects,26,object,0,-,6,6,0,0
377,rug,130.0,rug,40,otherprop,7,Objects,0,-,0,-,28,28,0,0
378,sack,55.0,bag,37,bag,7,Objects,0,-,0,-,56,56,4,0
379,salad,752.0,food wrapped on a tray,40,otherprop,7,Objects,0,-,0,-,3,3,0,0
380,salt,361.0,salt container,40,otherprop,7,Objects,0,-,0,-,12,12,3,0
381,sauce boat,233.0,plate,40,otherprop,7,Objects,0,-,0,-,0,0,2,0
382,scale,639.0,scale,40,otherprop,7,Objects,0,-,0,-,24,22,1,2
383,scarf,240.0,scarf,40,otherprop,7,Objects,14,clothes,0,-,2,2,0,0
384,screen,89.0,curtain,40,otherprop,7,Objects,0,-,0,-,7,2,0,5
385,seat,524.0,furniture,39,otherfurniture,6,Furniture,5,chair,0,-,3,3,0,0
386,seat pad,119.0,pillow,18,pillow,7,Objects,13,pillow,0,-,6,6,0,0
387,sewing machine,890.0,sewing machine,40,otherprop,7,Objects,26,object,0,-,6,6,0,0
388,shades,80.0,blinds,38,otherstructure,0,-,0,-,0,-,32,32,0,0
389,shampoo,548.0,cleaner,40,otherprop,7,Objects,0,-,0,-,8,8,0,0
390,sheets,348.0,sheets,40,otherprop,7,Objects,0,-,0,-,4,4,0,0
391,shelf,42.0,shelves,15,shelves,6,Furniture,11,shelf,2,table / cabinet,1423,1278,145,145
392,shelf clutter,,,40,otherprop,7,Objects,11,shelf,0,-,2,2,0,0
393,shelf of caps,42.0,shelves,15,shelves,6,Furniture,11,shelf,0,-,3,3,0,0
394,shelf unit,42.0,shelves,15,shelves,6,Furniture,11,shelf,0,-,15,15,0,0
395,shelves,42.0,shelves,15,shelves,6,Furniture,11,shelf,0,-,21,21,9,0
396,shirt,141.0,clothes,40,otherprop,7,Objects,14,clothes,0,-,3,3,0,0
397,shoe,149.0,shoe,40,otherprop,7,Objects,0,-,6,items,9,5,0,4
398,shoe box,26.0,box,29,box,7,Objects,20,box,0,-,2,2,0,0
399,shoe commode,614.0,shoe rack,17,dresser,6,Furniture,3,cabinet,0,-,3,3,0,0
400,shoe rack,614.0,shoe rack,15,shelves,6,Furniture,11,shelf,0,-,7,4,0,3
401,shoe shelf,614.0,shoe rack,15,shelves,6,Furniture,11,shelf,0,-,11,11,0,0
402,shoes,149.0,shoe,40,otherprop,7,Objects,0,-,0,-,97,92,23,5
403,showcase,540.0,display case,3,cabinet,6,Furniture,3,cabinet,2,table / cabinet,69,58,15,11
404,shower,667.0,shower base,38,otherstructure,0,-,0,-,0,-,49,46,7,3
405,shower curtain,123.0,shower curtain,28,shower curtain,7,Objects,12,curtain,0,-,51,44,10,7
406,shower door,28.0,door,8,door,0,-,8,door,0,-,6,0,0,6
407,shower floor,11.0,floor,2,floor,5,Floor,2,floor,0,-,11,9,0,2
408,shower gel,133.0,soap,40,otherprop,7,Objects,0,-,0,-,3,3,0,0
409,shower wall,21.0,wall,1,wall,12,Wall,1,wall,0,-,47,25,5,22
410,side table,19.0,table,7,table,10,Table,7,table,2,table / cabinet,84,59,3,25
411,sideboard,7.0,counter,12,counter,6,Furniture,0,-,0,-,6,6,0,0
412,sidecouch,83.0,sofa,6,sofa,9,Sofa,6,sofa,0,-,8,8,0,0
413,sidetable,19.0,table,7,table,10,Table,7,table,0,-,6,6,0,0
414,sign,208.0,sign,40,otherprop,7,Objects,0,-,0,-,6,6,0,0
415,sink,24.0,sink,34,sink,6,Furniture,23,sink,4,appliances,380,320,22,60
416,sink counter,7.0,counter,12,counter,6,Furniture,10,counter,0,-,2,2,0,0
417,slanted wall,21.0,wall,1,wall,12,Wall,1,wall,0,-,2,2,0,0
418,snowboard,408.0,board,40,otherprop,7,Objects,26,object,0,-,6,6,0,0
419,soap,133.0,soap,40,otherprop,7,Objects,0,-,0,-,2,2,4,0
420,soap dish,638.0,soap dish,40,otherprop,7,Objects,0,-,0,-,6,3,0,3
421,soap dispenser,502.0,bottle of soap,40,otherprop,7,Objects,0,-,0,-,32,32,0,0
422,socket,98.0,electrical outlet,40,otherprop,7,Objects,0,-,0,-,8,7,0,1
423,sofa,83.0,sofa,6,sofa,9,Sofa,6,sofa,3,bed / sofa,246,210,22,36
424,sofa chair,5.0,chair,5,chair,4,Chair,5,chair,3,bed / sofa,27,23,2,4
425,sofa couch,83.0,sofa,6,sofa,9,Sofa,6,sofa,0,-,2,2,0,0
426,speaker,54.0,speaker,40,otherprop,7,Objects,0,-,0,-,28,28,0,0
427,spice,272.0,spice bottle,40,otherprop,7,Objects,0,-,0,-,0,0,12,0
428,spices,272.0,spice bottle,40,otherprop,7,Objects,0,-,0,-,3,3,0,0
429,sponge,250.0,sponge,40,otherprop,7,Objects,0,-,0,-,3,0,0,3
430,spots,353.0,spot light,40,otherprop,7,Objects,0,-,0,-,2,2,0,0
431,squeezer,746.0,juicer,40,otherprop,7,Objects,0,-,0,-,6,6,0,0
432,stair,215.0,stairs,38,otherstructure,0,-,0,-,0,-,16,13,8,3
433,stairs,215.0,stairs,38,otherstructure,0,-,0,-,0,-,49,48,0,1
434,stand,50.0,stand,39,otherfurniture,6,Furniture,7,table,6,items,129,116,13,13
435,star,389.0,toy,40,otherprop,7,Objects,0,-,0,-,4,4,0,0
436,statue,294.0,sculpture,40,otherprop,7,Objects,0,-,0,-,10,10,0,0
437,statuette,294.0,sculpture,40,otherprop,7,Objects,0,-,0,-,4,4,0,0
438,stepladder,48.0,ladder,39,otherfurniture,6,Furniture,0,-,0,-,2,2,0,0
439,stereo,84.0,stereo,40,otherprop,7,Objects,0,-,0,-,1,1,0,0
440,stereo equipment,84.0,stereo,40,otherprop,7,Objects,26,object,0,-,5,5,0,0
441,stick,529.0,stick,40,otherprop,7,Objects,0,-,0,-,2,2,0,0
442,stool,150.0,stool,40,otherprop,7,Objects,5,chair,1,seating,323,300,8,23
443,storage,645.0,storage space,40,otherprop,7,Objects,0,-,0,-,2,2,0,0
444,storage bin,812.0,storage bin,40,otherprop,7,Objects,26,object,0,-,6,0,3,6
445,storage box,26.0,box,29,box,7,Objects,20,box,0,-,22,22,0,0
446,storage container,26.0,box,29,box,7,Objects,20,box,6,items,6,2,0,4
447,storage unit,813.0,storage chest,39,otherfurniture,6,Furniture,3,cabinet,0,-,3,3,0,0
448,stove,242.0,stove,38,otherstructure,0,-,0,-,0,-,100,83,1,17
449,stroller,373.0,stroller,40,otherprop,7,Objects,0,-,0,-,3,3,0,0
450,stuffed animal,177.0,stuffed animal,40,otherprop,7,Objects,0,-,0,-,31,30,13,1
451,sugar packs,,,40,otherprop,7,Objects,0,-,0,-,3,3,0,0
452,suitcase,199.0,suitcase,40,otherprop,7,Objects,0,-,6,items,61,55,2,6
453,switch,301.0,light switch,40,otherprop,7,Objects,0,-,0,-,2,2,0,0
454,t-shirt,141.0,clothes,40,otherprop,7,Objects,14,clothes,0,-,6,6,0,0
455,table,19.0,table,7,table,10,Table,7,table,2,table / cabinet,855,767,113,88
456,table lamp,144.0,lamp,35,lamp,7,Objects,24,lamp,6,items,39,31,11,8
457,table soccer,510.0,foosball table,40,otherprop,7,Objects,0,-,0,-,1,1,0,0
458,tablet,19.0,table,40,otherprop,7,Objects,0,-,0,-,7,7,2,0
459,teapot,678.0,tea pot,40,otherprop,7,Objects,0,-,0,-,2,2,0,0
460,teddy bear,465.0,toy doll,40,otherprop,7,Objects,0,-,0,-,1,1,0,0
461,telephone,32.0,telephone,40,otherprop,7,Objects,0,-,0,-,57,52,1,5
462,tennis raquet,626.0,tennis racket,40,otherprop,7,Objects,0,-,6,items,4,0,0,4
463,tent,835.0,tent,40,otherprop,7,Objects,0,-,0,-,2,2,0,0
464,things,,,40,otherprop,7,Objects,0,-,0,-,4,4,0,0
465,tile,,,40,otherprop,7,Objects,0,-,0,-,0,0,10,0
466,tire,,,40,otherprop,7,Objects,0,-,0,-,4,4,0,0
467,tissue pack,138.0,tissue box,40,otherprop,7,Objects,0,-,0,-,2,2,0,0
468,toaster,251.0,toaster,40,otherprop,7,Objects,26,object,6,items,11,7,0,4
469,toilet,124.0,toilet,33,toilet,6,Furniture,22,toilet,4,appliances,155,128,17,27
470,toilet brush,630.0,toilet brush,40,otherprop,7,Objects,0,-,0,-,50,38,9,12
471,toilet paper,139.0,toilet paper,40,otherprop,7,Objects,0,-,0,-,66,54,10,12
472,toilet paper dispenser,647.0,toilet paper holder,40,otherprop,7,Objects,0,-,0,-,23,11,0,12
473,toilet paper holder,647.0,toilet paper holder,40,otherprop,7,Objects,0,-,0,-,10,10,0,0
474,toiletry,125.0,toiletries bag,40,otherprop,7,Objects,0,-,0,-,13,13,10,0
475,tool wall,21.0,wall,40,otherprop,7,Objects,1,wall,0,-,4,4,0,0
476,towel,135.0,towel,27,towel,7,Objects,18,towel,0,-,339,306,30,33
477,towel basket,39.0,basket,40,otherprop,7,Objects,0,-,0,-,6,6,0,0
478,towels,135.0,towel,27,towel,7,Objects,18,towel,0,-,5,5,0,0
479,toy,389.0,toy,40,otherprop,7,Objects,0,-,0,-,26,26,0,0
480,toy house,490.0,toy house,40,otherprop,7,Objects,0,-,0,-,4,4,0,0
481,trash bin,12.0,garbage bin,40,otherprop,7,Objects,26,object,0,-,0,0,6,0
482,trash can,12.0,garbage bin,40,otherprop,7,Objects,26,object,6,items,320,287,23,33
483,trashcan,12.0,garbage bin,39,otherfurniture,6,Furniture,26,object,0,-,9,6,2,3
484,tray,179.0,tray,40,otherprop,7,Objects,0,-,0,-,13,13,0,0
485,treadmill,458.0,treadmill,39,otherfurniture,6,Furniture,0,-,0,-,4,1,0,3
486,tree,82.0,plant,40,otherprop,7,Objects,0,-,0,-,2,2,0,0
487,tree decoration,842.0,decoration item,40,otherprop,7,Objects,0,-,0,-,5,0,0,5
488,tube,413.0,cardboard tube,40,otherprop,7,Objects,0,-,0,-,33,27,0,6
489,tv,172.0,television,25,television,11,TV,17,tv,4,appliances,211,172,17,39
490,tv stand,291.0,tv stand,39,otherfurniture,6,Furniture,3,cabinet,2,table / cabinet,106,75,15,31
491,tv table,291.0,tv stand,7,table,10,Table,7,table,0,-,6,6,0,0
492,typewriter,376.0,typewriter,40,otherprop,7,Objects,0,-,0,-,1,1,0,0
493,ukulele,300.0,guitar,40,otherprop,7,Objects,0,-,0,-,2,2,0,0
494,umbrella,203.0,umbrella,40,otherprop,7,Objects,0,-,0,-,13,13,3,0
495,upholstered wall,21.0,wall,1,wall,12,Wall,1,wall,0,-,8,8,0,0
496,urinal,124.0,toilet,40,otherprop,7,Objects,0,-,0,-,2,2,0,0
497,utensils,317.0,utensils,40,otherprop,7,Objects,0,-,0,-,2,0,0,2
498,vacuum,306.0,vacuum cleaner,40,otherprop,7,Objects,0,-,0,-,6,6,2,0
499,vacuum cleaner,306.0,vacuum cleaner,40,otherprop,7,Objects,26,object,0,-,28,28,2,0
500,vase,78.0,vase,40,otherprop,7,Objects,0,-,0,-,104,60,13,44
501,ventilation,25.0,air vent,38,otherstructure,0,-,26,object,0,-,9,9,2,0
502,ventilator,,,40,otherprop,7,Objects,0,-,0,-,9,1,0,8
503,wall,21.0,wall,1,wall,12,Wall,1,wall,0,-,5707,5052,605,655
504,wall /other room,21.0,wall,1,wall,12,Wall,1,wall,0,-,28,22,0,6
505,wall frame,64.0,picture,11,picture,8,Picture,1,wall,0,-,54,54,13,0
506,wall plants,82.0,plant,40,otherprop,7,Objects,19,plant,0,-,2,2,0,0
507,wall rack,42.0,shelves,15,shelves,6,Furniture,11,shelf,0,-,3,3,0,0
508,wardrobe,772.0,wardrobe,39,otherfurniture,6,Furniture,3,cabinet,2,table / cabinet,250,236,47,14
509,wardrobe door,28.0,door,8,door,0,-,8,door,0,-,7,7,0,0
510,washbasin,24.0,sink,34,sink,6,Furniture,23,sink,0,-,3,3,0,0
511,washing basket,164.0,laundry basket,40,otherprop,7,Objects,26,object,0,-,21,21,0,0
512,washing machine,278.0,washing machine,40,otherprop,7,Objects,0,-,0,-,89,74,0,15
513,washing powder,501.0,clothing detergent,40,otherprop,7,Objects,26,object,0,-,8,7,0,1
514,water,875.0,package of bottled water,40,otherprop,7,Objects,0,-,0,-,5,5,0,0
515,water heater,588.0,water heater,40,otherprop,7,Objects,0,-,0,-,9,9,0,0
516,watering can,329.0,can,40,otherprop,7,Objects,0,-,0,-,4,4,0,0
517,weights,457.0,excercise equipment,40,otherprop,7,Objects,0,-,0,-,1,1,0,0
518,weigths,457.0,excercise equipment,40,otherprop,7,Objects,0,-,0,-,3,3,0,0
519,whiteboard,45.0,whiteboard,30,whiteboard,7,Objects,1,wall,0,-,52,52,19,0
520,window,59.0,window,9,window,13,Window,9,window,7,structure,867,781,97,86
521,window board,477.0,window frame,38,otherstructure,0,-,9,window,0,-,4,4,0,0
522,window clutter,,,40,otherprop,7,Objects,9,window,0,-,4,4,0,0
523,window frame,477.0,window frame,38,otherstructure,0,-,9,window,0,-,53,53,7,0
524,windows,59.0,window,9,window,13,Window,9,window,0,-,1,0,0,1
525,windowsill,477.0,window frame,38,otherstructure,0,-,9,window,0,-,246,229,28,17
526,wood,552.0,piece of wood,40,otherprop,7,Objects,0,-,0,-,8,0,3,8
527,wood box,26.0,box,29,box,7,Objects,20,box,0,-,2,2,0,0
528,xbox,518.0,console system,40,otherprop,7,Objects,0,-,0,-,2,2,0,0
